Plot,Genotype,Experiment,Total Plants,Number Lodged,Percent Lodging,Lodging Index,Lodged
35,2369,55 and friends,18,6,33.33333333,1,Y
35,2369,55 and friends,18,6,33.33333333,1,Y
35,2369,55 and friends,18,6,33.33333333,1,Y
35,2369,55 and friends,18,6,33.33333333,1,Y
35,2369,55 and friends,18,6,33.33333333,1,Y
35,2369,55 and friends,18,6,33.33333333,1,Y
35,2369,55 and friends,18,6,33.33333333,0,N
35,2369,55 and friends,18,6,33.33333333,0,N
35,2369,55 and friends,18,6,33.33333333,0,N
35,2369,55 and friends,18,6,33.33333333,0,N
35,2369,55 and friends,18,6,33.33333333,0,N
35,2369,55 and friends,18,6,33.33333333,0,N
35,2369,55 and friends,18,6,33.33333333,0,N
35,2369,55 and friends,18,6,33.33333333,0,N
35,2369,55 and friends,18,6,33.33333333,0,N
35,2369,55 and friends,18,6,33.33333333,0,N
35,2369,55 and friends,18,6,33.33333333,0,N
35,2369,55 and friends,18,6,33.33333333,0,N
67,2369,55 and friends,16,2,12.5,1,Y
67,2369,55 and friends,16,2,12.5,2,Y
67,2369,55 and friends,16,2,12.5,0,N
67,2369,55 and friends,16,2,12.5,0,N
67,2369,55 and friends,16,2,12.5,0,N
67,2369,55 and friends,16,2,12.5,0,N
67,2369,55 and friends,16,2,12.5,0,N
67,2369,55 and friends,16,2,12.5,0,N
67,2369,55 and friends,16,2,12.5,0,N
67,2369,55 and friends,16,2,12.5,0,N
67,2369,55 and friends,16,2,12.5,0,N
67,2369,55 and friends,16,2,12.5,0,N
67,2369,55 and friends,16,2,12.5,0,N
67,2369,55 and friends,16,2,12.5,0,N
67,2369,55 and friends,16,2,12.5,0,N
67,2369,55 and friends,16,2,12.5,0,N
70,6M502,55 and friends,15,0,0,0,N
70,6M502,55 and friends,15,0,0,0,N
70,6M502,55 and friends,15,0,0,0,N
70,6M502,55 and friends,15,0,0,0,N
70,6M502,55 and friends,15,0,0,0,N
70,6M502,55 and friends,15,0,0,0,N
70,6M502,55 and friends,15,0,0,0,N
70,6M502,55 and friends,15,0,0,0,N
70,6M502,55 and friends,15,0,0,0,N
70,6M502,55 and friends,15,0,0,0,N
70,6M502,55 and friends,15,0,0,0,N
70,6M502,55 and friends,15,0,0,0,N
70,6M502,55 and friends,15,0,0,0,N
70,6M502,55 and friends,15,0,0,0,N
70,6M502,55 and friends,15,0,0,0,N
213,6M502,55 and friends,16,0,0,0,N
213,6M502,55 and friends,16,0,0,0,N
213,6M502,55 and friends,16,0,0,0,N
213,6M502,55 and friends,16,0,0,0,N
213,6M502,55 and friends,16,0,0,0,N
213,6M502,55 and friends,16,0,0,0,N
213,6M502,55 and friends,16,0,0,0,N
213,6M502,55 and friends,16,0,0,0,N
213,6M502,55 and friends,16,0,0,0,N
213,6M502,55 and friends,16,0,0,0,N
213,6M502,55 and friends,16,0,0,0,N
213,6M502,55 and friends,16,0,0,0,N
213,6M502,55 and friends,16,0,0,0,N
213,6M502,55 and friends,16,0,0,0,N
213,6M502,55 and friends,16,0,0,0,N
213,6M502,55 and friends,16,0,0,0,N
30,A632,55 and friends,9,0,0,0,N
30,A632,55 and friends,9,0,0,0,N
30,A632,55 and friends,9,0,0,0,N
30,A632,55 and friends,9,0,0,0,N
30,A632,55 and friends,9,0,0,0,N
30,A632,55 and friends,9,0,0,0,N
30,A632,55 and friends,9,0,0,0,N
30,A632,55 and friends,9,0,0,0,N
30,A632,55 and friends,9,0,0,0,N
69,A632,55 and friends,13,0,0,0,N
69,A632,55 and friends,13,0,0,0,N
69,A632,55 and friends,13,0,0,0,N
69,A632,55 and friends,13,0,0,0,N
69,A632,55 and friends,13,0,0,0,N
69,A632,55 and friends,13,0,0,0,N
69,A632,55 and friends,13,0,0,0,N
69,A632,55 and friends,13,0,0,0,N
69,A632,55 and friends,13,0,0,0,N
69,A632,55 and friends,13,0,0,0,N
69,A632,55 and friends,13,0,0,0,N
69,A632,55 and friends,13,0,0,0,N
69,A632,55 and friends,13,0,0,0,N
45,B104,55 and friends,17,0,0,0,N
45,B104,55 and friends,17,0,0,0,N
45,B104,55 and friends,17,0,0,0,N
45,B104,55 and friends,17,0,0,0,N
45,B104,55 and friends,17,0,0,0,N
45,B104,55 and friends,17,0,0,0,N
45,B104,55 and friends,17,0,0,0,N
45,B104,55 and friends,17,0,0,0,N
45,B104,55 and friends,17,0,0,0,N
45,B104,55 and friends,17,0,0,0,N
45,B104,55 and friends,17,0,0,0,N
45,B104,55 and friends,17,0,0,0,N
45,B104,55 and friends,17,0,0,0,N
45,B104,55 and friends,17,0,0,0,N
45,B104,55 and friends,17,0,0,0,N
45,B104,55 and friends,17,0,0,0,N
45,B104,55 and friends,17,0,0,0,N
212,B104,55 and friends,18,0,0,0,N
212,B104,55 and friends,18,0,0,0,N
212,B104,55 and friends,18,0,0,0,N
212,B104,55 and friends,18,0,0,0,N
212,B104,55 and friends,18,0,0,0,N
212,B104,55 and friends,18,0,0,0,N
212,B104,55 and friends,18,0,0,0,N
212,B104,55 and friends,18,0,0,0,N
212,B104,55 and friends,18,0,0,0,N
212,B104,55 and friends,18,0,0,0,N
212,B104,55 and friends,18,0,0,0,N
212,B104,55 and friends,18,0,0,0,N
212,B104,55 and friends,18,0,0,0,N
212,B104,55 and friends,18,0,0,0,N
212,B104,55 and friends,18,0,0,0,N
212,B104,55 and friends,18,0,0,0,N
212,B104,55 and friends,18,0,0,0,N
212,B104,55 and friends,18,0,0,0,N
28,B73,55 and friends,16,0,0,0,N
28,B73,55 and friends,16,0,0,0,N
28,B73,55 and friends,16,0,0,0,N
28,B73,55 and friends,16,0,0,0,N
28,B73,55 and friends,16,0,0,0,N
28,B73,55 and friends,16,0,0,0,N
28,B73,55 and friends,16,0,0,0,N
28,B73,55 and friends,16,0,0,0,N
28,B73,55 and friends,16,0,0,0,N
28,B73,55 and friends,16,0,0,0,N
28,B73,55 and friends,16,0,0,0,N
28,B73,55 and friends,16,0,0,0,N
28,B73,55 and friends,16,0,0,0,N
28,B73,55 and friends,16,0,0,0,N
28,B73,55 and friends,16,0,0,0,N
28,B73,55 and friends,16,0,0,0,N
107,B73,55 and friends,18,11,61.11111111,0.5,Y
107,B73,55 and friends,18,11,61.11111111,0.5,Y
107,B73,55 and friends,18,11,61.11111111,0.5,Y
107,B73,55 and friends,18,11,61.11111111,0.5,Y
107,B73,55 and friends,18,11,61.11111111,0.5,Y
107,B73,55 and friends,18,11,61.11111111,0.5,Y
107,B73,55 and friends,18,11,61.11111111,0.5,Y
107,B73,55 and friends,18,11,61.11111111,0.5,Y
107,B73,55 and friends,18,11,61.11111111,0.5,Y
107,B73,55 and friends,18,11,61.11111111,0.5,Y
107,B73,55 and friends,18,11,61.11111111,0.5,Y
107,B73,55 and friends,18,11,61.11111111,0,N
107,B73,55 and friends,18,11,61.11111111,0,N
107,B73,55 and friends,18,11,61.11111111,0,N
107,B73,55 and friends,18,11,61.11111111,0,N
107,B73,55 and friends,18,11,61.11111111,0,N
107,B73,55 and friends,18,11,61.11111111,0,N
107,B73,55 and friends,18,11,61.11111111,0,N
53,B95,55 and friends,7,1,14.28571429,2,Y
53,B95,55 and friends,7,1,14.28571429,0,N
53,B95,55 and friends,7,1,14.28571429,0,N
53,B95,55 and friends,7,1,14.28571429,0,N
53,B95,55 and friends,7,1,14.28571429,0,N
53,B95,55 and friends,7,1,14.28571429,0,N
53,B95,55 and friends,7,1,14.28571429,0,N
197,B95,55 and friends,11,3,27.27272727,1,Y
197,B95,55 and friends,11,3,27.27272727,1,Y
197,B95,55 and friends,11,3,27.27272727,1,Y
197,B95,55 and friends,11,3,27.27272727,0,N
197,B95,55 and friends,11,3,27.27272727,0,N
197,B95,55 and friends,11,3,27.27272727,0,N
197,B95,55 and friends,11,3,27.27272727,0,N
197,B95,55 and friends,11,3,27.27272727,0,N
197,B95,55 and friends,11,3,27.27272727,0,N
197,B95,55 and friends,11,3,27.27272727,0,N
197,B95,55 and friends,11,3,27.27272727,0,N
42,B97,55 and friends,11,10,90.90909091,1,Y
42,B97,55 and friends,11,10,90.90909091,1,Y
42,B97,55 and friends,11,10,90.90909091,1,Y
42,B97,55 and friends,11,10,90.90909091,1,Y
42,B97,55 and friends,11,10,90.90909091,1,Y
42,B97,55 and friends,11,10,90.90909091,1,Y
42,B97,55 and friends,11,10,90.90909091,1,Y
42,B97,55 and friends,11,10,90.90909091,1,Y
42,B97,55 and friends,11,10,90.90909091,1,Y
42,B97,55 and friends,11,10,90.90909091,1,Y
42,B97,55 and friends,11,10,90.90909091,0,N
135,B97,55 and friends,8,1,12.5,4,Y
135,B97,55 and friends,8,1,12.5,0,N
135,B97,55 and friends,8,1,12.5,0,N
135,B97,55 and friends,8,1,12.5,0,N
135,B97,55 and friends,8,1,12.5,0,N
135,B97,55 and friends,8,1,12.5,0,N
135,B97,55 and friends,8,1,12.5,0,N
135,B97,55 and friends,8,1,12.5,0,N
27,BS30,55 and friends,5,0,0,0,N
27,BS30,55 and friends,5,0,0,0,N
27,BS30,55 and friends,5,0,0,0,N
27,BS30,55 and friends,5,0,0,0,N
27,BS30,55 and friends,5,0,0,0,N
218,BS30,55 and friends,12,4,33.33333333,2,Y
218,BS30,55 and friends,12,4,33.33333333,1,Y
218,BS30,55 and friends,12,4,33.33333333,1,Y
218,BS30,55 and friends,12,4,33.33333333,1,Y
218,BS30,55 and friends,12,4,33.33333333,0,N
218,BS30,55 and friends,12,4,33.33333333,0,N
218,BS30,55 and friends,12,4,33.33333333,0,N
218,BS30,55 and friends,12,4,33.33333333,0,N
218,BS30,55 and friends,12,4,33.33333333,0,N
218,BS30,55 and friends,12,4,33.33333333,0,N
218,BS30,55 and friends,12,4,33.33333333,0,N
218,BS30,55 and friends,12,4,33.33333333,0,N
44,CML10,55 and friends,14,14,100,2,Y
44,CML10,55 and friends,14,14,100,2,Y
44,CML10,55 and friends,14,14,100,2,Y
44,CML10,55 and friends,14,14,100,2,Y
44,CML10,55 and friends,14,14,100,2,Y
44,CML10,55 and friends,14,14,100,2,Y
44,CML10,55 and friends,14,14,100,2,Y
44,CML10,55 and friends,14,14,100,2,Y
44,CML10,55 and friends,14,14,100,2,Y
44,CML10,55 and friends,14,14,100,2,Y
44,CML10,55 and friends,14,14,100,2,Y
44,CML10,55 and friends,14,14,100,2,Y
44,CML10,55 and friends,14,14,100,2,Y
44,CML10,55 and friends,14,14,100,2,Y
51,CML10,55 and friends,15,15,100,1,Y
51,CML10,55 and friends,15,15,100,1,Y
51,CML10,55 and friends,15,15,100,1,Y
51,CML10,55 and friends,15,15,100,1,Y
51,CML10,55 and friends,15,15,100,1,Y
51,CML10,55 and friends,15,15,100,1,Y
51,CML10,55 and friends,15,15,100,1,Y
51,CML10,55 and friends,15,15,100,1,Y
51,CML10,55 and friends,15,15,100,1,Y
51,CML10,55 and friends,15,15,100,1,Y
51,CML10,55 and friends,15,15,100,1,Y
51,CML10,55 and friends,15,15,100,1,Y
51,CML10,55 and friends,15,15,100,1,Y
51,CML10,55 and friends,15,15,100,1,Y
51,CML10,55 and friends,15,15,100,1,Y
32,CML103,55 and friends,5,2,40,0.5,Y
32,CML103,55 and friends,5,2,40,0.5,Y
32,CML103,55 and friends,5,2,40,0,N
32,CML103,55 and friends,5,2,40,0,N
32,CML103,55 and friends,5,2,40,0,N
206,CML103,55 and friends,6,5,83.33333333,2,Y
206,CML103,55 and friends,6,5,83.33333333,2,Y
206,CML103,55 and friends,6,5,83.33333333,2,Y
206,CML103,55 and friends,6,5,83.33333333,2,Y
206,CML103,55 and friends,6,5,83.33333333,1,Y
206,CML103,55 and friends,6,5,83.33333333,0,N
60,CML228,55 and friends,17,0,0,0,N
60,CML228,55 and friends,17,0,0,0,N
60,CML228,55 and friends,17,0,0,0,N
60,CML228,55 and friends,17,0,0,0,N
60,CML228,55 and friends,17,0,0,0,N
60,CML228,55 and friends,17,0,0,0,N
60,CML228,55 and friends,17,0,0,0,N
60,CML228,55 and friends,17,0,0,0,N
60,CML228,55 and friends,17,0,0,0,N
60,CML228,55 and friends,17,0,0,0,N
60,CML228,55 and friends,17,0,0,0,N
60,CML228,55 and friends,17,0,0,0,N
60,CML228,55 and friends,17,0,0,0,N
60,CML228,55 and friends,17,0,0,0,N
60,CML228,55 and friends,17,0,0,0,N
60,CML228,55 and friends,17,0,0,0,N
60,CML228,55 and friends,17,0,0,0,N
64,CML228,55 and friends,16,0,0,0,N
64,CML228,55 and friends,16,0,0,0,N
64,CML228,55 and friends,16,0,0,0,N
64,CML228,55 and friends,16,0,0,0,N
64,CML228,55 and friends,16,0,0,0,N
64,CML228,55 and friends,16,0,0,0,N
64,CML228,55 and friends,16,0,0,0,N
64,CML228,55 and friends,16,0,0,0,N
64,CML228,55 and friends,16,0,0,0,N
64,CML228,55 and friends,16,0,0,0,N
64,CML228,55 and friends,16,0,0,0,N
64,CML228,55 and friends,16,0,0,0,N
64,CML228,55 and friends,16,0,0,0,N
64,CML228,55 and friends,16,0,0,0,N
64,CML228,55 and friends,16,0,0,0,N
64,CML228,55 and friends,16,0,0,0,N
49,CML247,55 and friends,12,4,33.33333333,3,Y
49,CML247,55 and friends,12,4,33.33333333,1,Y
49,CML247,55 and friends,12,4,33.33333333,1,Y
49,CML247,55 and friends,12,4,33.33333333,1,Y
49,CML247,55 and friends,12,4,33.33333333,0,N
49,CML247,55 and friends,12,4,33.33333333,0,N
49,CML247,55 and friends,12,4,33.33333333,0,N
49,CML247,55 and friends,12,4,33.33333333,0,N
49,CML247,55 and friends,12,4,33.33333333,0,N
49,CML247,55 and friends,12,4,33.33333333,0,N
49,CML247,55 and friends,12,4,33.33333333,0,N
49,CML247,55 and friends,12,4,33.33333333,0,N
222,CML247,55 and friends,12,12,100,2.5,Y
222,CML247,55 and friends,12,12,100,2.5,Y
222,CML247,55 and friends,12,12,100,2.5,Y
222,CML247,55 and friends,12,12,100,2.5,Y
222,CML247,55 and friends,12,12,100,2.5,Y
222,CML247,55 and friends,12,12,100,2.5,Y
222,CML247,55 and friends,12,12,100,2.5,Y
222,CML247,55 and friends,12,12,100,2.5,Y
222,CML247,55 and friends,12,12,100,2.5,Y
222,CML247,55 and friends,12,12,100,2.5,Y
222,CML247,55 and friends,12,12,100,2.5,Y
222,CML247,55 and friends,12,12,100,2.5,Y
25,CML258,55 and friends,14,0,0,0,N
25,CML258,55 and friends,14,0,0,0,N
25,CML258,55 and friends,14,0,0,0,N
25,CML258,55 and friends,14,0,0,0,N
25,CML258,55 and friends,14,0,0,0,N
25,CML258,55 and friends,14,0,0,0,N
25,CML258,55 and friends,14,0,0,0,N
25,CML258,55 and friends,14,0,0,0,N
25,CML258,55 and friends,14,0,0,0,N
25,CML258,55 and friends,14,0,0,0,N
25,CML258,55 and friends,14,0,0,0,N
25,CML258,55 and friends,14,0,0,0,N
25,CML258,55 and friends,14,0,0,0,N
25,CML258,55 and friends,14,0,0,0,N
105,CML258,55 and friends,15,10,66.66666667,3,Y
105,CML258,55 and friends,15,10,66.66666667,3,Y
105,CML258,55 and friends,15,10,66.66666667,3,Y
105,CML258,55 and friends,15,10,66.66666667,3,Y
105,CML258,55 and friends,15,10,66.66666667,3,Y
105,CML258,55 and friends,15,10,66.66666667,3,Y
105,CML258,55 and friends,15,10,66.66666667,3,Y
105,CML258,55 and friends,15,10,66.66666667,3,Y
105,CML258,55 and friends,15,10,66.66666667,1,Y
105,CML258,55 and friends,15,10,66.66666667,1,Y
105,CML258,55 and friends,15,10,66.66666667,0,N
105,CML258,55 and friends,15,10,66.66666667,0,N
105,CML258,55 and friends,15,10,66.66666667,0,N
105,CML258,55 and friends,15,10,66.66666667,0,N
105,CML258,55 and friends,15,10,66.66666667,0,N
75,CML277,55 and friends,14,0,0,0,N
75,CML277,55 and friends,14,0,0,0,N
75,CML277,55 and friends,14,0,0,0,N
75,CML277,55 and friends,14,0,0,0,N
75,CML277,55 and friends,14,0,0,0,N
75,CML277,55 and friends,14,0,0,0,N
75,CML277,55 and friends,14,0,0,0,N
75,CML277,55 and friends,14,0,0,0,N
75,CML277,55 and friends,14,0,0,0,N
75,CML277,55 and friends,14,0,0,0,N
75,CML277,55 and friends,14,0,0,0,N
75,CML277,55 and friends,14,0,0,0,N
75,CML277,55 and friends,14,0,0,0,N
75,CML277,55 and friends,14,0,0,0,N
215,CML277,55 and friends,17,0,0,0,N
215,CML277,55 and friends,17,0,0,0,N
215,CML277,55 and friends,17,0,0,0,N
215,CML277,55 and friends,17,0,0,0,N
215,CML277,55 and friends,17,0,0,0,N
215,CML277,55 and friends,17,0,0,0,N
215,CML277,55 and friends,17,0,0,0,N
215,CML277,55 and friends,17,0,0,0,N
215,CML277,55 and friends,17,0,0,0,N
215,CML277,55 and friends,17,0,0,0,N
215,CML277,55 and friends,17,0,0,0,N
215,CML277,55 and friends,17,0,0,0,N
215,CML277,55 and friends,17,0,0,0,N
215,CML277,55 and friends,17,0,0,0,N
215,CML277,55 and friends,17,0,0,0,N
215,CML277,55 and friends,17,0,0,0,N
215,CML277,55 and friends,17,0,0,0,N
24,CML322,55 and friends,2,0,0,0,N
24,CML322,55 and friends,2,0,0,0,N
170,CML322,55 and friends,2,0,0,0,N
170,CML322,55 and friends,2,0,0,0,N
205,CML333,55 and friends,5,2,40,1,Y
205,CML333,55 and friends,5,2,40,1,Y
205,CML333,55 and friends,5,2,40,0,N
205,CML333,55 and friends,5,2,40,0,N
205,CML333,55 and friends,5,2,40,0,N
216,CML333,55 and friends,4,4,100,1,Y
216,CML333,55 and friends,4,4,100,1,Y
216,CML333,55 and friends,4,4,100,1,Y
216,CML333,55 and friends,4,4,100,1,Y
36,CML341,55 and friends,17,3,17.64705882,1,Y
36,CML341,55 and friends,17,3,17.64705882,1,Y
36,CML341,55 and friends,17,3,17.64705882,1,Y
36,CML341,55 and friends,17,3,17.64705882,0,N
36,CML341,55 and friends,17,3,17.64705882,0,N
36,CML341,55 and friends,17,3,17.64705882,0,N
36,CML341,55 and friends,17,3,17.64705882,0,N
36,CML341,55 and friends,17,3,17.64705882,0,N
36,CML341,55 and friends,17,3,17.64705882,0,N
36,CML341,55 and friends,17,3,17.64705882,0,N
36,CML341,55 and friends,17,3,17.64705882,0,N
36,CML341,55 and friends,17,3,17.64705882,0,N
36,CML341,55 and friends,17,3,17.64705882,0,N
36,CML341,55 and friends,17,3,17.64705882,0,N
36,CML341,55 and friends,17,3,17.64705882,0,N
36,CML341,55 and friends,17,3,17.64705882,0,N
36,CML341,55 and friends,17,3,17.64705882,0,N
41,CML341,55 and friends,14,7,50,1,Y
41,CML341,55 and friends,14,7,50,1,Y
41,CML341,55 and friends,14,7,50,1,Y
41,CML341,55 and friends,14,7,50,1,Y
41,CML341,55 and friends,14,7,50,1,Y
41,CML341,55 and friends,14,7,50,1,Y
41,CML341,55 and friends,14,7,50,1,Y
41,CML341,55 and friends,14,7,50,0,N
41,CML341,55 and friends,14,7,50,0,N
41,CML341,55 and friends,14,7,50,0,N
41,CML341,55 and friends,14,7,50,0,N
41,CML341,55 and friends,14,7,50,0,N
41,CML341,55 and friends,14,7,50,0,N
41,CML341,55 and friends,14,7,50,0,N
167,CML373,55 and friends,12,0,0,0,N
167,CML373,55 and friends,12,0,0,0,N
167,CML373,55 and friends,12,0,0,0,N
167,CML373,55 and friends,12,0,0,0,N
167,CML373,55 and friends,12,0,0,0,N
167,CML373,55 and friends,12,0,0,0,N
167,CML373,55 and friends,12,0,0,0,N
167,CML373,55 and friends,12,0,0,0,N
167,CML373,55 and friends,12,0,0,0,N
167,CML373,55 and friends,12,0,0,0,N
167,CML373,55 and friends,12,0,0,0,N
167,CML373,55 and friends,12,0,0,0,N
221,CML373,55 and friends,17,0,0,0,N
221,CML373,55 and friends,17,0,0,0,N
221,CML373,55 and friends,17,0,0,0,N
221,CML373,55 and friends,17,0,0,0,N
221,CML373,55 and friends,17,0,0,0,N
221,CML373,55 and friends,17,0,0,0,N
221,CML373,55 and friends,17,0,0,0,N
221,CML373,55 and friends,17,0,0,0,N
221,CML373,55 and friends,17,0,0,0,N
221,CML373,55 and friends,17,0,0,0,N
221,CML373,55 and friends,17,0,0,0,N
221,CML373,55 and friends,17,0,0,0,N
221,CML373,55 and friends,17,0,0,0,N
221,CML373,55 and friends,17,0,0,0,N
221,CML373,55 and friends,17,0,0,0,N
221,CML373,55 and friends,17,0,0,0,N
221,CML373,55 and friends,17,0,0,0,N
48,CML52,55 and friends,15,15,100,3,Y
48,CML52,55 and friends,15,15,100,3,Y
48,CML52,55 and friends,15,15,100,3,Y
48,CML52,55 and friends,15,15,100,3,Y
48,CML52,55 and friends,15,15,100,3,Y
48,CML52,55 and friends,15,15,100,3,Y
48,CML52,55 and friends,15,15,100,3,Y
48,CML52,55 and friends,15,15,100,3,Y
48,CML52,55 and friends,15,15,100,3,Y
48,CML52,55 and friends,15,15,100,3,Y
48,CML52,55 and friends,15,15,100,3,Y
48,CML52,55 and friends,15,15,100,3,Y
48,CML52,55 and friends,15,15,100,3,Y
48,CML52,55 and friends,15,15,100,3,Y
48,CML52,55 and friends,15,15,100,3,Y
165,CML52,55 and friends,16,16,100,3,Y
165,CML52,55 and friends,16,16,100,3,Y
165,CML52,55 and friends,16,16,100,3,Y
165,CML52,55 and friends,16,16,100,3,Y
165,CML52,55 and friends,16,16,100,3,Y
165,CML52,55 and friends,16,16,100,3,Y
165,CML52,55 and friends,16,16,100,3,Y
165,CML52,55 and friends,16,16,100,3,Y
165,CML52,55 and friends,16,16,100,3,Y
165,CML52,55 and friends,16,16,100,3,Y
165,CML52,55 and friends,16,16,100,3,Y
165,CML52,55 and friends,16,16,100,3,Y
165,CML52,55 and friends,16,16,100,3,Y
165,CML52,55 and friends,16,16,100,3,Y
165,CML52,55 and friends,16,16,100,3,Y
165,CML52,55 and friends,16,16,100,3,Y
46,CML69,55 and friends,17,17,100,1,Y
46,CML69,55 and friends,17,17,100,1,Y
46,CML69,55 and friends,17,17,100,1,Y
46,CML69,55 and friends,17,17,100,1,Y
46,CML69,55 and friends,17,17,100,1,Y
46,CML69,55 and friends,17,17,100,1,Y
46,CML69,55 and friends,17,17,100,1,Y
46,CML69,55 and friends,17,17,100,1,Y
46,CML69,55 and friends,17,17,100,1,Y
46,CML69,55 and friends,17,17,100,1,Y
46,CML69,55 and friends,17,17,100,1,Y
46,CML69,55 and friends,17,17,100,1,Y
46,CML69,55 and friends,17,17,100,1,Y
46,CML69,55 and friends,17,17,100,1,Y
46,CML69,55 and friends,17,17,100,1,Y
46,CML69,55 and friends,17,17,100,1,Y
46,CML69,55 and friends,17,17,100,1,Y
102,CML69,55 and friends,17,16,94.11764706,1,Y
102,CML69,55 and friends,17,16,94.11764706,1,Y
102,CML69,55 and friends,17,16,94.11764706,1,Y
102,CML69,55 and friends,17,16,94.11764706,1,Y
102,CML69,55 and friends,17,16,94.11764706,1,Y
102,CML69,55 and friends,17,16,94.11764706,1,Y
102,CML69,55 and friends,17,16,94.11764706,1,Y
102,CML69,55 and friends,17,16,94.11764706,1,Y
102,CML69,55 and friends,17,16,94.11764706,1,Y
102,CML69,55 and friends,17,16,94.11764706,1,Y
102,CML69,55 and friends,17,16,94.11764706,1,Y
102,CML69,55 and friends,17,16,94.11764706,1,Y
102,CML69,55 and friends,17,16,94.11764706,1,Y
102,CML69,55 and friends,17,16,94.11764706,1,Y
102,CML69,55 and friends,17,16,94.11764706,1,Y
102,CML69,55 and friends,17,16,94.11764706,1,Y
102,CML69,55 and friends,17,16,94.11764706,0,N
4,F118,55 and friends,6,1,16.66666667,5,Y
4,F118,55 and friends,6,1,16.66666667,0,N
4,F118,55 and friends,6,1,16.66666667,0,N
4,F118,55 and friends,6,1,16.66666667,0,N
4,F118,55 and friends,6,1,16.66666667,0,N
4,F118,55 and friends,6,1,16.66666667,0,N
4,F118,55 and friends,6,1,16.66666667,0,N
198,F118,55 and friends,7,0,0,0,N
198,F118,55 and friends,7,0,0,0,N
198,F118,55 and friends,7,0,0,0,N
198,F118,55 and friends,7,0,0,0,N
198,F118,55 and friends,7,0,0,0,N
198,F118,55 and friends,7,0,0,0,N
198,F118,55 and friends,7,0,0,0,N
52,GT112,55 and friends,14,3,21.42857143,1,Y
52,GT112,55 and friends,14,3,21.42857143,1,Y
52,GT112,55 and friends,14,3,21.42857143,1,Y
52,GT112,55 and friends,14,3,21.42857143,0,N
52,GT112,55 and friends,14,3,21.42857143,0,N
52,GT112,55 and friends,14,3,21.42857143,0,N
52,GT112,55 and friends,14,3,21.42857143,0,N
52,GT112,55 and friends,14,3,21.42857143,0,N
52,GT112,55 and friends,14,3,21.42857143,0,N
52,GT112,55 and friends,14,3,21.42857143,0,N
52,GT112,55 and friends,14,3,21.42857143,0,N
52,GT112,55 and friends,14,3,21.42857143,0,N
52,GT112,55 and friends,14,3,21.42857143,0,N
52,GT112,55 and friends,14,3,21.42857143,0,N
220,GT112,55 and friends,11,0,0,0,N
220,GT112,55 and friends,11,0,0,0,N
220,GT112,55 and friends,11,0,0,0,N
220,GT112,55 and friends,11,0,0,0,N
220,GT112,55 and friends,11,0,0,0,N
220,GT112,55 and friends,11,0,0,0,N
220,GT112,55 and friends,11,0,0,0,N
220,GT112,55 and friends,11,0,0,0,N
220,GT112,55 and friends,11,0,0,0,N
220,GT112,55 and friends,11,0,0,0,N
220,GT112,55 and friends,11,0,0,0,N
106,Hi34,55 and friends,4,4,100,3,Y
106,Hi34,55 and friends,4,4,100,3,Y
106,Hi34,55 and friends,4,4,100,2,Y
106,Hi34,55 and friends,4,4,100,2,Y
219,Hi34,55 and friends,8,8,100,3.5,Y
219,Hi34,55 and friends,8,8,100,3.5,Y
219,Hi34,55 and friends,8,8,100,3.5,Y
219,Hi34,55 and friends,8,8,100,3.5,Y
219,Hi34,55 and friends,8,8,100,3.5,Y
219,Hi34,55 and friends,8,8,100,3.5,Y
219,Hi34,55 and friends,8,8,100,3.5,Y
219,Hi34,55 and friends,8,8,100,3.5,Y
10,Hickory King,55 and friends,9,5,55.55555556,3.5,Y
10,Hickory King,55 and friends,9,5,55.55555556,3.5,Y
10,Hickory King,55 and friends,9,5,55.55555556,3.5,Y
10,Hickory King,55 and friends,9,5,55.55555556,3.5,Y
10,Hickory King,55 and friends,9,5,55.55555556,3.5,Y
10,Hickory King,55 and friends,9,5,55.55555556,0,N
10,Hickory King,55 and friends,9,5,55.55555556,0,N
10,Hickory King,55 and friends,9,5,55.55555556,0,N
10,Hickory King,55 and friends,9,5,55.55555556,0,N
10,Hickory King,55 and friends,9,5,55.55555556,0,N
140,Hickory King,55 and friends,9,9,100,0.5,Y
140,Hickory King,55 and friends,9,9,100,0.5,Y
140,Hickory King,55 and friends,9,9,100,2,Y
140,Hickory King,55 and friends,9,9,100,2,Y
140,Hickory King,55 and friends,9,9,100,2,Y
140,Hickory King,55 and friends,9,9,100,2,Y
140,Hickory King,55 and friends,9,9,100,2,Y
140,Hickory King,55 and friends,9,9,100,2,Y
140,Hickory King,55 and friends,9,9,100,2,Y
2,Hp301,55 and friends,13,0,0,0,N
2,Hp301,55 and friends,13,0,0,0,N
2,Hp301,55 and friends,13,0,0,0,N
2,Hp301,55 and friends,13,0,0,0,N
2,Hp301,55 and friends,13,0,0,0,N
2,Hp301,55 and friends,13,0,0,0,N
2,Hp301,55 and friends,13,0,0,0,N
2,Hp301,55 and friends,13,0,0,0,N
2,Hp301,55 and friends,13,0,0,0,N
2,Hp301,55 and friends,13,0,0,0,N
2,Hp301,55 and friends,13,0,0,0,N
2,Hp301,55 and friends,13,0,0,0,N
2,Hp301,55 and friends,13,0,0,0,N
136,Hp301,55 and friends,17,0,0,0,N
136,Hp301,55 and friends,17,0,0,0,N
136,Hp301,55 and friends,17,0,0,0,N
136,Hp301,55 and friends,17,0,0,0,N
136,Hp301,55 and friends,17,0,0,0,N
136,Hp301,55 and friends,17,0,0,0,N
136,Hp301,55 and friends,17,0,0,0,N
136,Hp301,55 and friends,17,0,0,0,N
136,Hp301,55 and friends,17,0,0,0,N
136,Hp301,55 and friends,17,0,0,0,N
136,Hp301,55 and friends,17,0,0,0,N
136,Hp301,55 and friends,17,0,0,0,N
136,Hp301,55 and friends,17,0,0,0,N
136,Hp301,55 and friends,17,0,0,0,N
136,Hp301,55 and friends,17,0,0,0,N
136,Hp301,55 and friends,17,0,0,0,N
136,Hp301,55 and friends,17,0,0,0,N
12,Ki11,55 and friends,11,0,0,0,N
12,Ki11,55 and friends,11,0,0,0,N
12,Ki11,55 and friends,11,0,0,0,N
12,Ki11,55 and friends,11,0,0,0,N
12,Ki11,55 and friends,11,0,0,0,N
12,Ki11,55 and friends,11,0,0,0,N
12,Ki11,55 and friends,11,0,0,0,N
12,Ki11,55 and friends,11,0,0,0,N
12,Ki11,55 and friends,11,0,0,0,N
12,Ki11,55 and friends,11,0,0,0,N
55,Ki11,55 and friends,13,0,0,0,N
55,Ki11,55 and friends,13,0,0,0,N
55,Ki11,55 and friends,13,0,0,0,N
55,Ki11,55 and friends,13,0,0,0,N
55,Ki11,55 and friends,13,0,0,0,N
55,Ki11,55 and friends,13,0,0,0,N
55,Ki11,55 and friends,13,0,0,0,N
55,Ki11,55 and friends,13,0,0,0,N
55,Ki11,55 and friends,13,0,0,0,N
55,Ki11,55 and friends,13,0,0,0,N
55,Ki11,55 and friends,13,0,0,0,N
55,Ki11,55 and friends,13,0,0,0,N
55,Ki11,55 and friends,13,0,0,0,N
58,Ki3,55 and friends,4,0,0,0,N
58,Ki3,55 and friends,4,0,0,0,N
58,Ki3,55 and friends,4,0,0,0,N
58,Ki3,55 and friends,4,0,0,0,N
204,Ki3,55 and friends,2,0,0,0,N
204,Ki3,55 and friends,2,0,0,0,N
18,Ky21,55 and friends,12,2,16.66666667,1,Y
18,Ky21,55 and friends,12,2,16.66666667,1,Y
18,Ky21,55 and friends,12,2,16.66666667,0,N
18,Ky21,55 and friends,12,2,16.66666667,0,N
18,Ky21,55 and friends,12,2,16.66666667,0,N
18,Ky21,55 and friends,12,2,16.66666667,0,N
18,Ky21,55 and friends,12,2,16.66666667,0,N
18,Ky21,55 and friends,12,2,16.66666667,0,N
18,Ky21,55 and friends,12,2,16.66666667,0,N
18,Ky21,55 and friends,12,2,16.66666667,0,N
18,Ky21,55 and friends,12,2,16.66666667,0,N
18,Ky21,55 and friends,12,2,16.66666667,0,N
71,Ky21,55 and friends,11,6,54.54545455,1,Y
71,Ky21,55 and friends,11,6,54.54545455,1,Y
71,Ky21,55 and friends,11,6,54.54545455,1,Y
71,Ky21,55 and friends,11,6,54.54545455,1,Y
71,Ky21,55 and friends,11,6,54.54545455,2,Y
71,Ky21,55 and friends,11,6,54.54545455,2,Y
71,Ky21,55 and friends,11,6,54.54545455,0,N
71,Ky21,55 and friends,11,6,54.54545455,0,N
71,Ky21,55 and friends,11,6,54.54545455,0,N
71,Ky21,55 and friends,11,6,54.54545455,0,N
71,Ky21,55 and friends,11,6,54.54545455,0,N
68,L 678,55 and friends,0,0,0,0,N
15,L163,55 and friends,13,0,0,0,N
15,L163,55 and friends,13,0,0,0,N
15,L163,55 and friends,13,0,0,0,N
15,L163,55 and friends,13,0,0,0,N
15,L163,55 and friends,13,0,0,0,N
15,L163,55 and friends,13,0,0,0,N
15,L163,55 and friends,13,0,0,0,N
15,L163,55 and friends,13,0,0,0,N
15,L163,55 and friends,13,0,0,0,N
15,L163,55 and friends,13,0,0,0,N
15,L163,55 and friends,13,0,0,0,N
15,L163,55 and friends,13,0,0,0,N
15,L163,55 and friends,13,0,0,0,N
133,L163,55 and friends,13,0,0,0,N
133,L163,55 and friends,13,0,0,0,N
133,L163,55 and friends,13,0,0,0,N
133,L163,55 and friends,13,0,0,0,N
133,L163,55 and friends,13,0,0,0,N
133,L163,55 and friends,13,0,0,0,N
133,L163,55 and friends,13,0,0,0,N
133,L163,55 and friends,13,0,0,0,N
133,L163,55 and friends,13,0,0,0,N
133,L163,55 and friends,13,0,0,0,N
133,L163,55 and friends,13,0,0,0,N
133,L163,55 and friends,13,0,0,0,N
133,L163,55 and friends,13,0,0,0,N
66,LH123Ht,55 and friends,13,1,7.692307692,2,Y
66,LH123Ht,55 and friends,13,1,7.692307692,0,N
66,LH123Ht,55 and friends,13,1,7.692307692,0,N
66,LH123Ht,55 and friends,13,1,7.692307692,0,N
66,LH123Ht,55 and friends,13,1,7.692307692,0,N
66,LH123Ht,55 and friends,13,1,7.692307692,0,N
66,LH123Ht,55 and friends,13,1,7.692307692,0,N
66,LH123Ht,55 and friends,13,1,7.692307692,0,N
66,LH123Ht,55 and friends,13,1,7.692307692,0,N
66,LH123Ht,55 and friends,13,1,7.692307692,0,N
66,LH123Ht,55 and friends,13,1,7.692307692,0,N
66,LH123Ht,55 and friends,13,1,7.692307692,0,N
66,LH123Ht,55 and friends,13,1,7.692307692,0,N
209,LH123Ht,55 and friends,13,6,46.15384615,4,Y
209,LH123Ht,55 and friends,13,6,46.15384615,1,Y
209,LH123Ht,55 and friends,13,6,46.15384615,1,Y
209,LH123Ht,55 and friends,13,6,46.15384615,1,Y
209,LH123Ht,55 and friends,13,6,46.15384615,1,Y
209,LH123Ht,55 and friends,13,6,46.15384615,1,Y
209,LH123Ht,55 and friends,13,6,46.15384615,0,N
209,LH123Ht,55 and friends,13,6,46.15384615,0,N
209,LH123Ht,55 and friends,13,6,46.15384615,0,N
209,LH123Ht,55 and friends,13,6,46.15384615,0,N
209,LH123Ht,55 and friends,13,6,46.15384615,0,N
209,LH123Ht,55 and friends,13,6,46.15384615,0,N
209,LH123Ht,55 and friends,13,6,46.15384615,0,N
7,LH211,55 and friends,17,0,0,0,N
7,LH211,55 and friends,17,0,0,0,N
7,LH211,55 and friends,17,0,0,0,N
7,LH211,55 and friends,17,0,0,0,N
7,LH211,55 and friends,17,0,0,0,N
7,LH211,55 and friends,17,0,0,0,N
7,LH211,55 and friends,17,0,0,0,N
7,LH211,55 and friends,17,0,0,0,N
7,LH211,55 and friends,17,0,0,0,N
7,LH211,55 and friends,17,0,0,0,N
7,LH211,55 and friends,17,0,0,0,N
7,LH211,55 and friends,17,0,0,0,N
7,LH211,55 and friends,17,0,0,0,N
7,LH211,55 and friends,17,0,0,0,N
7,LH211,55 and friends,17,0,0,0,N
7,LH211,55 and friends,17,0,0,0,N
7,LH211,55 and friends,17,0,0,0,N
65,LH211,55 and friends,17,2,11.76470588,5,Y
65,LH211,55 and friends,17,2,11.76470588,5,Y
65,LH211,55 and friends,17,2,11.76470588,0,N
65,LH211,55 and friends,17,2,11.76470588,0,N
65,LH211,55 and friends,17,2,11.76470588,0,N
65,LH211,55 and friends,17,2,11.76470588,0,N
65,LH211,55 and friends,17,2,11.76470588,0,N
65,LH211,55 and friends,17,2,11.76470588,0,N
65,LH211,55 and friends,17,2,11.76470588,0,N
65,LH211,55 and friends,17,2,11.76470588,0,N
65,LH211,55 and friends,17,2,11.76470588,0,N
65,LH211,55 and friends,17,2,11.76470588,0,N
65,LH211,55 and friends,17,2,11.76470588,0,N
65,LH211,55 and friends,17,2,11.76470588,0,N
65,LH211,55 and friends,17,2,11.76470588,0,N
65,LH211,55 and friends,17,2,11.76470588,0,N
65,LH211,55 and friends,17,2,11.76470588,0,N
16,LH252,55 and friends,13,7,53.84615385,2,Y
16,LH252,55 and friends,13,7,53.84615385,2,Y
16,LH252,55 and friends,13,7,53.84615385,2,Y
16,LH252,55 and friends,13,7,53.84615385,2,Y
16,LH252,55 and friends,13,7,53.84615385,2,Y
16,LH252,55 and friends,13,7,53.84615385,2,Y
16,LH252,55 and friends,13,7,53.84615385,2,Y
16,LH252,55 and friends,13,7,53.84615385,0,N
16,LH252,55 and friends,13,7,53.84615385,0,N
16,LH252,55 and friends,13,7,53.84615385,0,N
16,LH252,55 and friends,13,7,53.84615385,0,N
16,LH252,55 and friends,13,7,53.84615385,0,N
16,LH252,55 and friends,13,7,53.84615385,0,N
134,LH252,55 and friends,7,6,85.71428571,3,Y
134,LH252,55 and friends,7,6,85.71428571,3,Y
134,LH252,55 and friends,7,6,85.71428571,3,Y
134,LH252,55 and friends,7,6,85.71428571,3,Y
134,LH252,55 and friends,7,6,85.71428571,3,Y
134,LH252,55 and friends,7,6,85.71428571,3,Y
134,LH252,55 and friends,7,6,85.71428571,0,N
5,LH51,55 and friends,3,0,0,0,N
5,LH51,55 and friends,3,0,0,0,N
5,LH51,55 and friends,3,0,0,0,N
137,LH51,55 and friends,3,0,0,0,N
137,LH51,55 and friends,3,0,0,0,N
137,LH51,55 and friends,3,0,0,0,N
13,M162W,55 and friends,16,0,0,0,N
13,M162W,55 and friends,16,0,0,0,N
13,M162W,55 and friends,16,0,0,0,N
13,M162W,55 and friends,16,0,0,0,N
13,M162W,55 and friends,16,0,0,0,N
13,M162W,55 and friends,16,0,0,0,N
13,M162W,55 and friends,16,0,0,0,N
13,M162W,55 and friends,16,0,0,0,N
13,M162W,55 and friends,16,0,0,0,N
13,M162W,55 and friends,16,0,0,0,N
13,M162W,55 and friends,16,0,0,0,N
13,M162W,55 and friends,16,0,0,0,N
13,M162W,55 and friends,16,0,0,0,N
13,M162W,55 and friends,16,0,0,0,N
13,M162W,55 and friends,16,0,0,0,N
13,M162W,55 and friends,16,0,0,0,N
33,M162W,55 and friends,15,2,13.33333333,2,Y
33,M162W,55 and friends,15,2,13.33333333,2,Y
33,M162W,55 and friends,15,2,13.33333333,0,N
33,M162W,55 and friends,15,2,13.33333333,0,N
33,M162W,55 and friends,15,2,13.33333333,0,N
33,M162W,55 and friends,15,2,13.33333333,0,N
33,M162W,55 and friends,15,2,13.33333333,0,N
33,M162W,55 and friends,15,2,13.33333333,0,N
33,M162W,55 and friends,15,2,13.33333333,0,N
33,M162W,55 and friends,15,2,13.33333333,0,N
33,M162W,55 and friends,15,2,13.33333333,0,N
33,M162W,55 and friends,15,2,13.33333333,0,N
33,M162W,55 and friends,15,2,13.33333333,0,N
33,M162W,55 and friends,15,2,13.33333333,0,N
33,M162W,55 and friends,15,2,13.33333333,0,N
200,M37W,55 and friends,13,3,23.07692308,1,Y
200,M37W,55 and friends,13,3,23.07692308,1,Y
200,M37W,55 and friends,13,3,23.07692308,1,Y
200,M37W,55 and friends,13,3,23.07692308,0,N
200,M37W,55 and friends,13,3,23.07692308,0,N
200,M37W,55 and friends,13,3,23.07692308,0,N
200,M37W,55 and friends,13,3,23.07692308,0,N
200,M37W,55 and friends,13,3,23.07692308,0,N
200,M37W,55 and friends,13,3,23.07692308,0,N
200,M37W,55 and friends,13,3,23.07692308,0,N
200,M37W,55 and friends,13,3,23.07692308,0,N
200,M37W,55 and friends,13,3,23.07692308,0,N
200,M37W,55 and friends,13,3,23.07692308,0,N
210,M37W,55 and friends,16,1,6.25,1,Y
210,M37W,55 and friends,16,1,6.25,0,N
210,M37W,55 and friends,16,1,6.25,0,N
210,M37W,55 and friends,16,1,6.25,0,N
210,M37W,55 and friends,16,1,6.25,0,N
210,M37W,55 and friends,16,1,6.25,0,N
210,M37W,55 and friends,16,1,6.25,0,N
210,M37W,55 and friends,16,1,6.25,0,N
210,M37W,55 and friends,16,1,6.25,0,N
210,M37W,55 and friends,16,1,6.25,0,N
210,M37W,55 and friends,16,1,6.25,0,N
210,M37W,55 and friends,16,1,6.25,0,N
210,M37W,55 and friends,16,1,6.25,0,N
210,M37W,55 and friends,16,1,6.25,0,N
210,M37W,55 and friends,16,1,6.25,0,N
210,M37W,55 and friends,16,1,6.25,0,N
62,Mo17,55 and friends,14,0,0,0,N
62,Mo17,55 and friends,14,0,0,0,N
62,Mo17,55 and friends,14,0,0,0,N
62,Mo17,55 and friends,14,0,0,0,N
62,Mo17,55 and friends,14,0,0,0,N
62,Mo17,55 and friends,14,0,0,0,N
62,Mo17,55 and friends,14,0,0,0,N
62,Mo17,55 and friends,14,0,0,0,N
62,Mo17,55 and friends,14,0,0,0,N
62,Mo17,55 and friends,14,0,0,0,N
62,Mo17,55 and friends,14,0,0,0,N
62,Mo17,55 and friends,14,0,0,0,N
62,Mo17,55 and friends,14,0,0,0,N
62,Mo17,55 and friends,14,0,0,0,N
172,Mo17,55 and friends,6,0,0,0,N
172,Mo17,55 and friends,6,0,0,0,N
172,Mo17,55 and friends,6,0,0,0,N
172,Mo17,55 and friends,6,0,0,0,N
172,Mo17,55 and friends,6,0,0,0,N
172,Mo17,55 and friends,6,0,0,0,N
43,Mo18W,55 and friends,18,17,94.44444444,1.5,Y
43,Mo18W,55 and friends,18,17,94.44444444,1.5,Y
43,Mo18W,55 and friends,18,17,94.44444444,1.5,Y
43,Mo18W,55 and friends,18,17,94.44444444,1.5,Y
43,Mo18W,55 and friends,18,17,94.44444444,1.5,Y
43,Mo18W,55 and friends,18,17,94.44444444,1.5,Y
43,Mo18W,55 and friends,18,17,94.44444444,1.5,Y
43,Mo18W,55 and friends,18,17,94.44444444,1.5,Y
43,Mo18W,55 and friends,18,17,94.44444444,1.5,Y
43,Mo18W,55 and friends,18,17,94.44444444,1.5,Y
43,Mo18W,55 and friends,18,17,94.44444444,1.5,Y
43,Mo18W,55 and friends,18,17,94.44444444,1.5,Y
43,Mo18W,55 and friends,18,17,94.44444444,1.5,Y
43,Mo18W,55 and friends,18,17,94.44444444,1.5,Y
43,Mo18W,55 and friends,18,17,94.44444444,1.5,Y
43,Mo18W,55 and friends,18,17,94.44444444,1.5,Y
43,Mo18W,55 and friends,18,17,94.44444444,1.5,Y
43,Mo18W,55 and friends,18,17,94.44444444,0,N
214,Mo18W,55 and friends,18,18,100,1,Y
214,Mo18W,55 and friends,18,18,100,1,Y
214,Mo18W,55 and friends,18,18,100,1,Y
214,Mo18W,55 and friends,18,18,100,1,Y
214,Mo18W,55 and friends,18,18,100,1,Y
214,Mo18W,55 and friends,18,18,100,1,Y
214,Mo18W,55 and friends,18,18,100,1,Y
214,Mo18W,55 and friends,18,18,100,1,Y
214,Mo18W,55 and friends,18,18,100,1,Y
214,Mo18W,55 and friends,18,18,100,1,Y
214,Mo18W,55 and friends,18,18,100,1,Y
214,Mo18W,55 and friends,18,18,100,1,Y
214,Mo18W,55 and friends,18,18,100,1,Y
214,Mo18W,55 and friends,18,18,100,1,Y
214,Mo18W,55 and friends,18,18,100,1,Y
214,Mo18W,55 and friends,18,18,100,1,Y
214,Mo18W,55 and friends,18,18,100,1,Y
214,Mo18W,55 and friends,18,18,100,1,Y
8,Mp701,55 and friends,11,11,100,2,Y
8,Mp701,55 and friends,11,11,100,2,Y
8,Mp701,55 and friends,11,11,100,1,Y
8,Mp701,55 and friends,11,11,100,1,Y
8,Mp701,55 and friends,11,11,100,1,Y
8,Mp701,55 and friends,11,11,100,1,Y
8,Mp701,55 and friends,11,11,100,1,Y
8,Mp701,55 and friends,11,11,100,1,Y
8,Mp701,55 and friends,11,11,100,1,Y
8,Mp701,55 and friends,11,11,100,1,Y
8,Mp701,55 and friends,11,11,100,1,Y
59,Mp701,55 and friends,8,8,100,2,Y
59,Mp701,55 and friends,8,8,100,2,Y
59,Mp701,55 and friends,8,8,100,2,Y
59,Mp701,55 and friends,8,8,100,1,Y
59,Mp701,55 and friends,8,8,100,1,Y
59,Mp701,55 and friends,8,8,100,1,Y
59,Mp701,55 and friends,8,8,100,1,Y
59,Mp701,55 and friends,8,8,100,1,Y
6,Mp708,55 and friends,2,0,0,0,N
6,Mp708,55 and friends,2,0,0,0,N
63,Mp708,55 and friends,2,0,0,0,N
63,Mp708,55 and friends,2,0,0,0,N
1,Ms71,55 and friends,12,0,0,0,N
1,Ms71,55 and friends,12,0,0,0,N
1,Ms71,55 and friends,12,0,0,0,N
1,Ms71,55 and friends,12,0,0,0,N
1,Ms71,55 and friends,12,0,0,0,N
1,Ms71,55 and friends,12,0,0,0,N
1,Ms71,55 and friends,12,0,0,0,N
1,Ms71,55 and friends,12,0,0,0,N
1,Ms71,55 and friends,12,0,0,0,N
1,Ms71,55 and friends,12,0,0,0,N
1,Ms71,55 and friends,12,0,0,0,N
1,Ms71,55 and friends,12,0,0,0,N
74,Ms71,55 and friends,11,0,0,0,N
74,Ms71,55 and friends,11,0,0,0,N
74,Ms71,55 and friends,11,0,0,0,N
74,Ms71,55 and friends,11,0,0,0,N
74,Ms71,55 and friends,11,0,0,0,N
74,Ms71,55 and friends,11,0,0,0,N
74,Ms71,55 and friends,11,0,0,0,N
74,Ms71,55 and friends,11,0,0,0,N
74,Ms71,55 and friends,11,0,0,0,N
74,Ms71,55 and friends,11,0,0,0,N
74,Ms71,55 and friends,11,0,0,0,N
39,NC262,55 and friends,7,2,28.57142857,2,Y
39,NC262,55 and friends,7,2,28.57142857,2,Y
39,NC262,55 and friends,7,2,28.57142857,0,N
39,NC262,55 and friends,7,2,28.57142857,0,N
39,NC262,55 and friends,7,2,28.57142857,0,N
39,NC262,55 and friends,7,2,28.57142857,0,N
39,NC262,55 and friends,7,2,28.57142857,0,N
103,NC262,55 and friends,6,0,0,0,N
103,NC262,55 and friends,6,0,0,0,N
103,NC262,55 and friends,6,0,0,0,N
103,NC262,55 and friends,6,0,0,0,N
103,NC262,55 and friends,6,0,0,0,N
103,NC262,55 and friends,6,0,0,0,N
72,NC350,55 and friends,1,0,0,0,N
217,NC350,55 and friends,3,3,100,0.5,Y
217,NC350,55 and friends,3,3,100,0.5,Y
217,NC350,55 and friends,3,3,100,0.5,Y
73,NC358,55 and friends,0,0,,0,N
223,NC358,55 and friends,2,0,0,0,N
223,NC358,55 and friends,2,0,0,0,N
208,Oh43,55 and friends,12,1,8.333333333,2,Y
208,Oh43,55 and friends,12,1,8.333333333,0,N
208,Oh43,55 and friends,12,1,8.333333333,0,N
208,Oh43,55 and friends,12,1,8.333333333,0,N
208,Oh43,55 and friends,12,1,8.333333333,0,N
208,Oh43,55 and friends,12,1,8.333333333,0,N
208,Oh43,55 and friends,12,1,8.333333333,0,N
208,Oh43,55 and friends,12,1,8.333333333,0,N
208,Oh43,55 and friends,12,1,8.333333333,0,N
208,Oh43,55 and friends,12,1,8.333333333,0,N
208,Oh43,55 and friends,12,1,8.333333333,0,N
208,Oh43,55 and friends,12,1,8.333333333,0,N
224,Oh43,55 and friends,17,0,0,0,N
224,Oh43,55 and friends,17,0,0,0,N
224,Oh43,55 and friends,17,0,0,0,N
224,Oh43,55 and friends,17,0,0,0,N
224,Oh43,55 and friends,17,0,0,0,N
224,Oh43,55 and friends,17,0,0,0,N
224,Oh43,55 and friends,17,0,0,0,N
224,Oh43,55 and friends,17,0,0,0,N
224,Oh43,55 and friends,17,0,0,0,N
224,Oh43,55 and friends,17,0,0,0,N
224,Oh43,55 and friends,17,0,0,0,N
224,Oh43,55 and friends,17,0,0,0,N
224,Oh43,55 and friends,17,0,0,0,N
224,Oh43,55 and friends,17,0,0,0,N
224,Oh43,55 and friends,17,0,0,0,N
224,Oh43,55 and friends,17,0,0,0,N
224,Oh43,55 and friends,17,0,0,0,N
29,Oh7B,55 and friends,10,10,100,2.5,Y
29,Oh7B,55 and friends,10,10,100,2.5,Y
29,Oh7B,55 and friends,10,10,100,2.5,Y
29,Oh7B,55 and friends,10,10,100,2.5,Y
29,Oh7B,55 and friends,10,10,100,2.5,Y
29,Oh7B,55 and friends,10,10,100,2.5,Y
29,Oh7B,55 and friends,10,10,100,2.5,Y
29,Oh7B,55 and friends,10,10,100,2.5,Y
29,Oh7B,55 and friends,10,10,100,2.5,Y
29,Oh7B,55 and friends,10,10,100,2.5,Y
104,Oh7B,55 and friends,9,8,88.88888889,1,Y
104,Oh7B,55 and friends,9,8,88.88888889,1,Y
104,Oh7B,55 and friends,9,8,88.88888889,1,Y
104,Oh7B,55 and friends,9,8,88.88888889,3,Y
104,Oh7B,55 and friends,9,8,88.88888889,3,Y
104,Oh7B,55 and friends,9,8,88.88888889,3,Y
104,Oh7B,55 and friends,9,8,88.88888889,3,Y
104,Oh7B,55 and friends,9,8,88.88888889,3,Y
104,Oh7B,55 and friends,9,8,88.88888889,0,N
50,P39,55 and friends,5,5,100,1,Y
50,P39,55 and friends,5,5,100,1,Y
50,P39,55 and friends,5,5,100,1,Y
50,P39,55 and friends,5,5,100,1,Y
50,P39,55 and friends,5,5,100,1,Y
56,P39,55 and friends,2,0,0,0,N
56,P39,55 and friends,2,0,0,0,N
20,PALOMERO TOLUQUENO,55 and friends,0,0,,0,N
138,PALOMERO TOLUQUENO,55 and friends,0,0,,0,N
108,PH207,55 and friends,12,0,0,0,N
108,PH207,55 and friends,12,0,0,0,N
108,PH207,55 and friends,12,0,0,0,N
108,PH207,55 and friends,12,0,0,0,N
108,PH207,55 and friends,12,0,0,0,N
108,PH207,55 and friends,12,0,0,0,N
108,PH207,55 and friends,12,0,0,0,N
108,PH207,55 and friends,12,0,0,0,N
108,PH207,55 and friends,12,0,0,0,N
108,PH207,55 and friends,12,0,0,0,N
108,PH207,55 and friends,12,0,0,0,N
108,PH207,55 and friends,12,0,0,0,N
166,PH207,55 and friends,11,0,0,0,N
166,PH207,55 and friends,11,0,0,0,N
166,PH207,55 and friends,11,0,0,0,N
166,PH207,55 and friends,11,0,0,0,N
166,PH207,55 and friends,11,0,0,0,N
166,PH207,55 and friends,11,0,0,0,N
166,PH207,55 and friends,11,0,0,0,N
166,PH207,55 and friends,11,0,0,0,N
166,PH207,55 and friends,11,0,0,0,N
166,PH207,55 and friends,11,0,0,0,N
166,PH207,55 and friends,11,0,0,0,N
31,PHB47,55 and friends,15,1,6.666666667,3,Y
31,PHB47,55 and friends,15,1,6.666666667,0,N
31,PHB47,55 and friends,15,1,6.666666667,0,N
31,PHB47,55 and friends,15,1,6.666666667,0,N
31,PHB47,55 and friends,15,1,6.666666667,0,N
31,PHB47,55 and friends,15,1,6.666666667,0,N
31,PHB47,55 and friends,15,1,6.666666667,0,N
31,PHB47,55 and friends,15,1,6.666666667,0,N
31,PHB47,55 and friends,15,1,6.666666667,0,N
31,PHB47,55 and friends,15,1,6.666666667,0,N
31,PHB47,55 and friends,15,1,6.666666667,0,N
31,PHB47,55 and friends,15,1,6.666666667,0,N
31,PHB47,55 and friends,15,1,6.666666667,0,N
31,PHB47,55 and friends,15,1,6.666666667,0,N
31,PHB47,55 and friends,15,1,6.666666667,0,N
199,PHB47,55 and friends,10,8,80,1,Y
199,PHB47,55 and friends,10,8,80,1,Y
199,PHB47,55 and friends,10,8,80,1,Y
199,PHB47,55 and friends,10,8,80,1,Y
199,PHB47,55 and friends,10,8,80,1,Y
199,PHB47,55 and friends,10,8,80,1,Y
199,PHB47,55 and friends,10,8,80,1,Y
199,PHB47,55 and friends,10,8,80,1,Y
199,PHB47,55 and friends,10,8,80,0,N
199,PHB47,55 and friends,10,8,80,0,N
26,PHHB4,55 and friends,7,0,0,0,N
26,PHHB4,55 and friends,7,0,0,0,N
26,PHHB4,55 and friends,7,0,0,0,N
26,PHHB4,55 and friends,7,0,0,0,N
26,PHHB4,55 and friends,7,0,0,0,N
26,PHHB4,55 and friends,7,0,0,0,N
26,PHHB4,55 and friends,7,0,0,0,N
61,PHHB4,55 and friends,5,0,0,0,N
61,PHHB4,55 and friends,5,0,0,0,N
61,PHHB4,55 and friends,5,0,0,0,N
61,PHHB4,55 and friends,5,0,0,0,N
61,PHHB4,55 and friends,5,0,0,0,N
139,PHK46,55 and friends,9,0,0,0,N
139,PHK46,55 and friends,9,0,0,0,N
139,PHK46,55 and friends,9,0,0,0,N
139,PHK46,55 and friends,9,0,0,0,N
139,PHK46,55 and friends,9,0,0,0,N
139,PHK46,55 and friends,9,0,0,0,N
139,PHK46,55 and friends,9,0,0,0,N
139,PHK46,55 and friends,9,0,0,0,N
139,PHK46,55 and friends,9,0,0,0,N
207,PHK46,55 and friends,8,0,0,0,N
207,PHK46,55 and friends,8,0,0,0,N
207,PHK46,55 and friends,8,0,0,0,N
207,PHK46,55 and friends,8,0,0,0,N
207,PHK46,55 and friends,8,0,0,0,N
207,PHK46,55 and friends,8,0,0,0,N
207,PHK46,55 and friends,8,0,0,0,N
207,PHK46,55 and friends,8,0,0,0,N
14,PHR58,55 and friends,16,0,0,0,N
14,PHR58,55 and friends,16,0,0,0,N
14,PHR58,55 and friends,16,0,0,0,N
14,PHR58,55 and friends,16,0,0,0,N
14,PHR58,55 and friends,16,0,0,0,N
14,PHR58,55 and friends,16,0,0,0,N
14,PHR58,55 and friends,16,0,0,0,N
14,PHR58,55 and friends,16,0,0,0,N
14,PHR58,55 and friends,16,0,0,0,N
14,PHR58,55 and friends,16,0,0,0,N
14,PHR58,55 and friends,16,0,0,0,N
14,PHR58,55 and friends,16,0,0,0,N
14,PHR58,55 and friends,16,0,0,0,N
14,PHR58,55 and friends,16,0,0,0,N
14,PHR58,55 and friends,16,0,0,0,N
14,PHR58,55 and friends,16,0,0,0,N
38,PHR58,55 and friends,14,0,0,0,N
38,PHR58,55 and friends,14,0,0,0,N
38,PHR58,55 and friends,14,0,0,0,N
38,PHR58,55 and friends,14,0,0,0,N
38,PHR58,55 and friends,14,0,0,0,N
38,PHR58,55 and friends,14,0,0,0,N
38,PHR58,55 and friends,14,0,0,0,N
38,PHR58,55 and friends,14,0,0,0,N
38,PHR58,55 and friends,14,0,0,0,N
38,PHR58,55 and friends,14,0,0,0,N
38,PHR58,55 and friends,14,0,0,0,N
38,PHR58,55 and friends,14,0,0,0,N
38,PHR58,55 and friends,14,0,0,0,N
38,PHR58,55 and friends,14,0,0,0,N
34,PHT60,55 and friends,16,0,0,0,N
34,PHT60,55 and friends,16,0,0,0,N
34,PHT60,55 and friends,16,0,0,0,N
34,PHT60,55 and friends,16,0,0,0,N
34,PHT60,55 and friends,16,0,0,0,N
34,PHT60,55 and friends,16,0,0,0,N
34,PHT60,55 and friends,16,0,0,0,N
34,PHT60,55 and friends,16,0,0,0,N
34,PHT60,55 and friends,16,0,0,0,N
34,PHT60,55 and friends,16,0,0,0,N
34,PHT60,55 and friends,16,0,0,0,N
34,PHT60,55 and friends,16,0,0,0,N
34,PHT60,55 and friends,16,0,0,0,N
34,PHT60,55 and friends,16,0,0,0,N
34,PHT60,55 and friends,16,0,0,0,N
34,PHT60,55 and friends,16,0,0,0,N
201,PHT60,55 and friends,12,2,16.66666667,1,Y
201,PHT60,55 and friends,12,2,16.66666667,1,Y
201,PHT60,55 and friends,12,2,16.66666667,0,N
201,PHT60,55 and friends,12,2,16.66666667,0,N
201,PHT60,55 and friends,12,2,16.66666667,0,N
201,PHT60,55 and friends,12,2,16.66666667,0,N
201,PHT60,55 and friends,12,2,16.66666667,0,N
201,PHT60,55 and friends,12,2,16.66666667,0,N
201,PHT60,55 and friends,12,2,16.66666667,0,N
201,PHT60,55 and friends,12,2,16.66666667,0,N
201,PHT60,55 and friends,12,2,16.66666667,0,N
201,PHT60,55 and friends,12,2,16.66666667,0,N
203,PURPLE,55 and friends,16,1,6.25,0.5,Y
203,PURPLE,55 and friends,16,1,6.25,0,N
203,PURPLE,55 and friends,16,1,6.25,0,N
203,PURPLE,55 and friends,16,1,6.25,0,N
203,PURPLE,55 and friends,16,1,6.25,0,N
203,PURPLE,55 and friends,16,1,6.25,0,N
203,PURPLE,55 and friends,16,1,6.25,0,N
203,PURPLE,55 and friends,16,1,6.25,0,N
203,PURPLE,55 and friends,16,1,6.25,0,N
203,PURPLE,55 and friends,16,1,6.25,0,N
203,PURPLE,55 and friends,16,1,6.25,0,N
203,PURPLE,55 and friends,16,1,6.25,0,N
203,PURPLE,55 and friends,16,1,6.25,0,N
203,PURPLE,55 and friends,16,1,6.25,0,N
203,PURPLE,55 and friends,16,1,6.25,0,N
203,PURPLE,55 and friends,16,1,6.25,0,N
19,R78,55 and friends,14,13,92.85714286,1,Y
19,R78,55 and friends,14,13,92.85714286,1,Y
19,R78,55 and friends,14,13,92.85714286,1,Y
19,R78,55 and friends,14,13,92.85714286,1,Y
19,R78,55 and friends,14,13,92.85714286,1,Y
19,R78,55 and friends,14,13,92.85714286,1,Y
19,R78,55 and friends,14,13,92.85714286,1,Y
19,R78,55 and friends,14,13,92.85714286,1,Y
19,R78,55 and friends,14,13,92.85714286,1,Y
19,R78,55 and friends,14,13,92.85714286,1,Y
19,R78,55 and friends,14,13,92.85714286,1,Y
19,R78,55 and friends,14,13,92.85714286,1,Y
19,R78,55 and friends,14,13,92.85714286,3,Y
19,R78,55 and friends,14,13,92.85714286,0,N
169,R78,55 and friends,16,0,0,0,N
169,R78,55 and friends,16,0,0,0,N
169,R78,55 and friends,16,0,0,0,N
169,R78,55 and friends,16,0,0,0,N
169,R78,55 and friends,16,0,0,0,N
169,R78,55 and friends,16,0,0,0,N
169,R78,55 and friends,16,0,0,0,N
169,R78,55 and friends,16,0,0,0,N
169,R78,55 and friends,16,0,0,0,N
169,R78,55 and friends,16,0,0,0,N
169,R78,55 and friends,16,0,0,0,N
169,R78,55 and friends,16,0,0,0,N
169,R78,55 and friends,16,0,0,0,N
169,R78,55 and friends,16,0,0,0,N
169,R78,55 and friends,16,0,0,0,N
169,R78,55 and friends,16,0,0,0,N
21,R84,55 and friends,15,6,40,1,Y
21,R84,55 and friends,15,6,40,1,Y
21,R84,55 and friends,15,6,40,1,Y
21,R84,55 and friends,15,6,40,1,Y
21,R84,55 and friends,15,6,40,1,Y
21,R84,55 and friends,15,6,40,1,Y
21,R84,55 and friends,15,6,40,0,N
21,R84,55 and friends,15,6,40,0,N
21,R84,55 and friends,15,6,40,0,N
21,R84,55 and friends,15,6,40,0,N
21,R84,55 and friends,15,6,40,0,N
21,R84,55 and friends,15,6,40,0,N
21,R84,55 and friends,15,6,40,0,N
21,R84,55 and friends,15,6,40,0,N
21,R84,55 and friends,15,6,40,0,N
76,R84,55 and friends,14,9,64.28571429,2,Y
76,R84,55 and friends,14,9,64.28571429,2,Y
76,R84,55 and friends,14,9,64.28571429,2,Y
76,R84,55 and friends,14,9,64.28571429,2,Y
76,R84,55 and friends,14,9,64.28571429,2,Y
76,R84,55 and friends,14,9,64.28571429,2,Y
76,R84,55 and friends,14,9,64.28571429,2,Y
76,R84,55 and friends,14,9,64.28571429,2,Y
76,R84,55 and friends,14,9,64.28571429,2,Y
76,R84,55 and friends,14,9,64.28571429,0,N
76,R84,55 and friends,14,9,64.28571429,0,N
76,R84,55 and friends,14,9,64.28571429,0,N
76,R84,55 and friends,14,9,64.28571429,0,N
76,R84,55 and friends,14,9,64.28571429,0,N
9,SA24,55 and friends,16,16,100,1,Y
9,SA24,55 and friends,16,16,100,1,Y
9,SA24,55 and friends,16,16,100,1,Y
9,SA24,55 and friends,16,16,100,1,Y
9,SA24,55 and friends,16,16,100,1,Y
9,SA24,55 and friends,16,16,100,1,Y
9,SA24,55 and friends,16,16,100,1,Y
9,SA24,55 and friends,16,16,100,1,Y
9,SA24,55 and friends,16,16,100,1,Y
9,SA24,55 and friends,16,16,100,1,Y
9,SA24,55 and friends,16,16,100,1,Y
9,SA24,55 and friends,16,16,100,1,Y
9,SA24,55 and friends,16,16,100,1,Y
9,SA24,55 and friends,16,16,100,1,Y
9,SA24,55 and friends,16,16,100,1,Y
9,SA24,55 and friends,16,16,100,1,Y
37,SA24,55 and friends,18,18,100,2,Y
37,SA24,55 and friends,18,18,100,2,Y
37,SA24,55 and friends,18,18,100,2,Y
37,SA24,55 and friends,18,18,100,2,Y
37,SA24,55 and friends,18,18,100,2,Y
37,SA24,55 and friends,18,18,100,2,Y
37,SA24,55 and friends,18,18,100,2,Y
37,SA24,55 and friends,18,18,100,2,Y
37,SA24,55 and friends,18,18,100,2,Y
37,SA24,55 and friends,18,18,100,2,Y
37,SA24,55 and friends,18,18,100,2,Y
37,SA24,55 and friends,18,18,100,2,Y
37,SA24,55 and friends,18,18,100,2,Y
37,SA24,55 and friends,18,18,100,2,Y
37,SA24,55 and friends,18,18,100,2,Y
37,SA24,55 and friends,18,18,100,2,Y
37,SA24,55 and friends,18,18,100,2,Y
37,SA24,55 and friends,18,18,100,2,Y
17,Shoe Peg,55 and friends,9,2,22.22222222,4,Y
17,Shoe Peg,55 and friends,9,2,22.22222222,4,Y
17,Shoe Peg,55 and friends,9,2,22.22222222,0,N
17,Shoe Peg,55 and friends,9,2,22.22222222,0,N
17,Shoe Peg,55 and friends,9,2,22.22222222,0,N
17,Shoe Peg,55 and friends,9,2,22.22222222,0,N
17,Shoe Peg,55 and friends,9,2,22.22222222,0,N
17,Shoe Peg,55 and friends,9,2,22.22222222,0,N
17,Shoe Peg,55 and friends,9,2,22.22222222,0,N
57,Shoe Peg,55 and friends,15,5,33.33333333,3,Y
57,Shoe Peg,55 and friends,15,5,33.33333333,1,Y
57,Shoe Peg,55 and friends,15,5,33.33333333,1,Y
57,Shoe Peg,55 and friends,15,5,33.33333333,1,Y
57,Shoe Peg,55 and friends,15,5,33.33333333,1,Y
57,Shoe Peg,55 and friends,15,5,33.33333333,0,N
57,Shoe Peg,55 and friends,15,5,33.33333333,0,N
57,Shoe Peg,55 and friends,15,5,33.33333333,0,N
57,Shoe Peg,55 and friends,15,5,33.33333333,0,N
57,Shoe Peg,55 and friends,15,5,33.33333333,0,N
57,Shoe Peg,55 and friends,15,5,33.33333333,0,N
57,Shoe Peg,55 and friends,15,5,33.33333333,0,N
57,Shoe Peg,55 and friends,15,5,33.33333333,0,N
57,Shoe Peg,55 and friends,15,5,33.33333333,0,N
57,Shoe Peg,55 and friends,15,5,33.33333333,0,N
47,Tx303,55 and friends,15,15,100,2,Y
47,Tx303,55 and friends,15,15,100,2,Y
47,Tx303,55 and friends,15,15,100,2,Y
47,Tx303,55 and friends,15,15,100,2,Y
47,Tx303,55 and friends,15,15,100,2,Y
47,Tx303,55 and friends,15,15,100,2,Y
47,Tx303,55 and friends,15,15,100,2,Y
47,Tx303,55 and friends,15,15,100,2,Y
47,Tx303,55 and friends,15,15,100,2,Y
47,Tx303,55 and friends,15,15,100,2,Y
47,Tx303,55 and friends,15,15,100,2,Y
47,Tx303,55 and friends,15,15,100,2,Y
47,Tx303,55 and friends,15,15,100,2,Y
47,Tx303,55 and friends,15,15,100,2,Y
47,Tx303,55 and friends,15,15,100,2,Y
171,Tx303,55 and friends,16,4,25,1,Y
171,Tx303,55 and friends,16,4,25,1,Y
171,Tx303,55 and friends,16,4,25,1,Y
171,Tx303,55 and friends,16,4,25,1,Y
171,Tx303,55 and friends,16,4,25,0,N
171,Tx303,55 and friends,16,4,25,0,N
171,Tx303,55 and friends,16,4,25,0,N
171,Tx303,55 and friends,16,4,25,0,N
171,Tx303,55 and friends,16,4,25,0,N
171,Tx303,55 and friends,16,4,25,0,N
171,Tx303,55 and friends,16,4,25,0,N
171,Tx303,55 and friends,16,4,25,0,N
171,Tx303,55 and friends,16,4,25,0,N
171,Tx303,55 and friends,16,4,25,0,N
171,Tx303,55 and friends,16,4,25,0,N
171,Tx303,55 and friends,16,4,25,0,N
54,Tx807,55 and friends,2,0,0,0,N
54,Tx807,55 and friends,2,0,0,0,N
211,Tx807,55 and friends,2,0,0,0,N
211,Tx807,55 and friends,2,0,0,0,N
3,Tzi8,55 and friends,NA,NA,NA,NA,NA
40,Tzi8,55 and friends,2,2,100,2,Y
40,Tzi8,55 and friends,2,2,100,2,Y
101,Tzi9,55 and friends,15,15,100,1,Y
101,Tzi9,55 and friends,15,15,100,1,Y
101,Tzi9,55 and friends,15,15,100,1,Y
101,Tzi9,55 and friends,15,15,100,1,Y
101,Tzi9,55 and friends,15,15,100,1,Y
101,Tzi9,55 and friends,15,15,100,1,Y
101,Tzi9,55 and friends,15,15,100,1,Y
101,Tzi9,55 and friends,15,15,100,1,Y
101,Tzi9,55 and friends,15,15,100,1,Y
101,Tzi9,55 and friends,15,15,100,1,Y
101,Tzi9,55 and friends,15,15,100,1,Y
101,Tzi9,55 and friends,15,15,100,1,Y
101,Tzi9,55 and friends,15,15,100,1,Y
101,Tzi9,55 and friends,15,15,100,1,Y
101,Tzi9,55 and friends,15,15,100,1,Y
202,Tzi9,55 and friends,17,17,100,0.5,Y
202,Tzi9,55 and friends,17,17,100,0.5,Y
202,Tzi9,55 and friends,17,17,100,0.5,Y
202,Tzi9,55 and friends,17,17,100,0.5,Y
202,Tzi9,55 and friends,17,17,100,0.5,Y
202,Tzi9,55 and friends,17,17,100,0.5,Y
202,Tzi9,55 and friends,17,17,100,0.5,Y
202,Tzi9,55 and friends,17,17,100,0.5,Y
202,Tzi9,55 and friends,17,17,100,0.5,Y
202,Tzi9,55 and friends,17,17,100,0.5,Y
202,Tzi9,55 and friends,17,17,100,0.5,Y
202,Tzi9,55 and friends,17,17,100,0.5,Y
202,Tzi9,55 and friends,17,17,100,0.5,Y
202,Tzi9,55 and friends,17,17,100,0.5,Y
202,Tzi9,55 and friends,17,17,100,0.5,Y
202,Tzi9,55 and friends,17,17,100,0.5,Y
202,Tzi9,55 and friends,17,17,100,0.5,Y
22,W64A,55 and friends,16,1,6.25,1,Y
22,W64A,55 and friends,16,1,6.25,0,N
22,W64A,55 and friends,16,1,6.25,0,N
22,W64A,55 and friends,16,1,6.25,0,N
22,W64A,55 and friends,16,1,6.25,0,N
22,W64A,55 and friends,16,1,6.25,0,N
22,W64A,55 and friends,16,1,6.25,0,N
22,W64A,55 and friends,16,1,6.25,0,N
22,W64A,55 and friends,16,1,6.25,0,N
22,W64A,55 and friends,16,1,6.25,0,N
22,W64A,55 and friends,16,1,6.25,0,N
22,W64A,55 and friends,16,1,6.25,0,N
22,W64A,55 and friends,16,1,6.25,0,N
22,W64A,55 and friends,16,1,6.25,0,N
22,W64A,55 and friends,16,1,6.25,0,N
22,W64A,55 and friends,16,1,6.25,0,N
168,W64A,55 and friends,13,0,0,0,N
168,W64A,55 and friends,13,0,0,0,N
168,W64A,55 and friends,13,0,0,0,N
168,W64A,55 and friends,13,0,0,0,N
168,W64A,55 and friends,13,0,0,0,N
168,W64A,55 and friends,13,0,0,0,N
168,W64A,55 and friends,13,0,0,0,N
168,W64A,55 and friends,13,0,0,0,N
168,W64A,55 and friends,13,0,0,0,N
168,W64A,55 and friends,13,0,0,0,N
168,W64A,55 and friends,13,0,0,0,N
168,W64A,55 and friends,13,0,0,0,N
168,W64A,55 and friends,13,0,0,0,N