,Plot,Genotype,Experiment,Total.Plants,Number.Lodged,Percent.Lodging,Lodging.Index,Lodged,Lodged2
1,35,2369,55 and friends,18,6,33.33333333,1,Y,1
2,35,2369,55 and friends,18,6,33.33333333,1,Y,1
3,35,2369,55 and friends,18,6,33.33333333,1,Y,1
4,35,2369,55 and friends,18,6,33.33333333,1,Y,1
5,35,2369,55 and friends,18,6,33.33333333,1,Y,1
6,35,2369,55 and friends,18,6,33.33333333,1,Y,1
19,67,2369,55 and friends,16,2,12.5,1,Y,1
20,67,2369,55 and friends,16,2,12.5,2,Y,1
139,107,B73,55 and friends,18,11,61.11111111,0.5,Y,1
140,107,B73,55 and friends,18,11,61.11111111,0.5,Y,1
141,107,B73,55 and friends,18,11,61.11111111,0.5,Y,1
142,107,B73,55 and friends,18,11,61.11111111,0.5,Y,1
143,107,B73,55 and friends,18,11,61.11111111,0.5,Y,1
144,107,B73,55 and friends,18,11,61.11111111,0.5,Y,1
145,107,B73,55 and friends,18,11,61.11111111,0.5,Y,1
146,107,B73,55 and friends,18,11,61.11111111,0.5,Y,1
147,107,B73,55 and friends,18,11,61.11111111,0.5,Y,1
148,107,B73,55 and friends,18,11,61.11111111,0.5,Y,1
149,107,B73,55 and friends,18,11,61.11111111,0.5,Y,1
175,42,B97,55 and friends,11,10,90.90909091,1,Y,1
176,42,B97,55 and friends,11,10,90.90909091,1,Y,1
177,42,B97,55 and friends,11,10,90.90909091,1,Y,1
178,42,B97,55 and friends,11,10,90.90909091,1,Y,1
179,42,B97,55 and friends,11,10,90.90909091,1,Y,1
180,42,B97,55 and friends,11,10,90.90909091,1,Y,1
181,42,B97,55 and friends,11,10,90.90909091,1,Y,1
182,42,B97,55 and friends,11,10,90.90909091,1,Y,1
183,42,B97,55 and friends,11,10,90.90909091,1,Y,1
184,42,B97,55 and friends,11,10,90.90909091,1,Y,1
186,135,B97,55 and friends,8,1,12.5,4,Y,1
211,44,CML10,55 and friends,14,14,100,2,Y,1
212,44,CML10,55 and friends,14,14,100,2,Y,1
213,44,CML10,55 and friends,14,14,100,2,Y,1
214,44,CML10,55 and friends,14,14,100,2,Y,1
215,44,CML10,55 and friends,14,14,100,2,Y,1
216,44,CML10,55 and friends,14,14,100,2,Y,1
217,44,CML10,55 and friends,14,14,100,2,Y,1
218,44,CML10,55 and friends,14,14,100,2,Y,1
219,44,CML10,55 and friends,14,14,100,2,Y,1
220,44,CML10,55 and friends,14,14,100,2,Y,1
221,44,CML10,55 and friends,14,14,100,2,Y,1
222,44,CML10,55 and friends,14,14,100,2,Y,1
223,44,CML10,55 and friends,14,14,100,2,Y,1
224,44,CML10,55 and friends,14,14,100,2,Y,1
225,51,CML10,55 and friends,15,15,100,1,Y,1
226,51,CML10,55 and friends,15,15,100,1,Y,1
227,51,CML10,55 and friends,15,15,100,1,Y,1
228,51,CML10,55 and friends,15,15,100,1,Y,1
229,51,CML10,55 and friends,15,15,100,1,Y,1
230,51,CML10,55 and friends,15,15,100,1,Y,1
231,51,CML10,55 and friends,15,15,100,1,Y,1
232,51,CML10,55 and friends,15,15,100,1,Y,1
233,51,CML10,55 and friends,15,15,100,1,Y,1
234,51,CML10,55 and friends,15,15,100,1,Y,1
235,51,CML10,55 and friends,15,15,100,1,Y,1
236,51,CML10,55 and friends,15,15,100,1,Y,1
237,51,CML10,55 and friends,15,15,100,1,Y,1
238,51,CML10,55 and friends,15,15,100,1,Y,1
239,51,CML10,55 and friends,15,15,100,1,Y,1
240,32,CML103,55 and friends,5,2,40,0.5,Y,1
241,32,CML103,55 and friends,5,2,40,0.5,Y,1
245,206,CML103,55 and friends,6,5,83.33333333,2,Y,1
246,206,CML103,55 and friends,6,5,83.33333333,2,Y,1
247,206,CML103,55 and friends,6,5,83.33333333,2,Y,1
248,206,CML103,55 and friends,6,5,83.33333333,2,Y,1
249,206,CML103,55 and friends,6,5,83.33333333,1,Y,1
284,49,CML247,55 and friends,12,4,33.33333333,3,Y,1
285,49,CML247,55 and friends,12,4,33.33333333,1,Y,1
286,49,CML247,55 and friends,12,4,33.33333333,1,Y,1
287,49,CML247,55 and friends,12,4,33.33333333,1,Y,1
296,222,CML247,55 and friends,12,12,100,2.5,Y,1
297,222,CML247,55 and friends,12,12,100,2.5,Y,1
298,222,CML247,55 and friends,12,12,100,2.5,Y,1
299,222,CML247,55 and friends,12,12,100,2.5,Y,1
300,222,CML247,55 and friends,12,12,100,2.5,Y,1
301,222,CML247,55 and friends,12,12,100,2.5,Y,1
302,222,CML247,55 and friends,12,12,100,2.5,Y,1
303,222,CML247,55 and friends,12,12,100,2.5,Y,1
304,222,CML247,55 and friends,12,12,100,2.5,Y,1
305,222,CML247,55 and friends,12,12,100,2.5,Y,1
306,222,CML247,55 and friends,12,12,100,2.5,Y,1
307,222,CML247,55 and friends,12,12,100,2.5,Y,1
322,105,CML258,55 and friends,15,10,66.66666667,3,Y,1
323,105,CML258,55 and friends,15,10,66.66666667,3,Y,1
324,105,CML258,55 and friends,15,10,66.66666667,3,Y,1
325,105,CML258,55 and friends,15,10,66.66666667,3,Y,1
326,105,CML258,55 and friends,15,10,66.66666667,3,Y,1
327,105,CML258,55 and friends,15,10,66.66666667,3,Y,1
328,105,CML258,55 and friends,15,10,66.66666667,3,Y,1
329,105,CML258,55 and friends,15,10,66.66666667,3,Y,1
330,105,CML258,55 and friends,15,10,66.66666667,1,Y,1
331,105,CML258,55 and friends,15,10,66.66666667,1,Y,1
372,205,CML333,55 and friends,5,2,40,1,Y,1
373,205,CML333,55 and friends,5,2,40,1,Y,1
377,216,CML333,55 and friends,4,4,100,1,Y,1
378,216,CML333,55 and friends,4,4,100,1,Y,1
379,216,CML333,55 and friends,4,4,100,1,Y,1
380,216,CML333,55 and friends,4,4,100,1,Y,1
381,36,CML341,55 and friends,17,3,17.64705882,1,Y,1
382,36,CML341,55 and friends,17,3,17.64705882,1,Y,1
383,36,CML341,55 and friends,17,3,17.64705882,1,Y,1
398,41,CML341,55 and friends,14,7,50,1,Y,1
399,41,CML341,55 and friends,14,7,50,1,Y,1
400,41,CML341,55 and friends,14,7,50,1,Y,1
401,41,CML341,55 and friends,14,7,50,1,Y,1
402,41,CML341,55 and friends,14,7,50,1,Y,1
403,41,CML341,55 and friends,14,7,50,1,Y,1
404,41,CML341,55 and friends,14,7,50,1,Y,1
441,48,CML52,55 and friends,15,15,100,3,Y,1
442,48,CML52,55 and friends,15,15,100,3,Y,1
443,48,CML52,55 and friends,15,15,100,3,Y,1
444,48,CML52,55 and friends,15,15,100,3,Y,1
445,48,CML52,55 and friends,15,15,100,3,Y,1
446,48,CML52,55 and friends,15,15,100,3,Y,1
447,48,CML52,55 and friends,15,15,100,3,Y,1
448,48,CML52,55 and friends,15,15,100,3,Y,1
449,48,CML52,55 and friends,15,15,100,3,Y,1
450,48,CML52,55 and friends,15,15,100,3,Y,1
451,48,CML52,55 and friends,15,15,100,3,Y,1
452,48,CML52,55 and friends,15,15,100,3,Y,1
453,48,CML52,55 and friends,15,15,100,3,Y,1
454,48,CML52,55 and friends,15,15,100,3,Y,1
455,48,CML52,55 and friends,15,15,100,3,Y,1
456,165,CML52,55 and friends,16,16,100,3,Y,1
457,165,CML52,55 and friends,16,16,100,3,Y,1
458,165,CML52,55 and friends,16,16,100,3,Y,1
459,165,CML52,55 and friends,16,16,100,3,Y,1
460,165,CML52,55 and friends,16,16,100,3,Y,1
461,165,CML52,55 and friends,16,16,100,3,Y,1
462,165,CML52,55 and friends,16,16,100,3,Y,1
463,165,CML52,55 and friends,16,16,100,3,Y,1
464,165,CML52,55 and friends,16,16,100,3,Y,1
465,165,CML52,55 and friends,16,16,100,3,Y,1
466,165,CML52,55 and friends,16,16,100,3,Y,1
467,165,CML52,55 and friends,16,16,100,3,Y,1
468,165,CML52,55 and friends,16,16,100,3,Y,1
469,165,CML52,55 and friends,16,16,100,3,Y,1
470,165,CML52,55 and friends,16,16,100,3,Y,1
471,165,CML52,55 and friends,16,16,100,3,Y,1
472,46,CML69,55 and friends,17,17,100,1,Y,1
473,46,CML69,55 and friends,17,17,100,1,Y,1
474,46,CML69,55 and friends,17,17,100,1,Y,1
475,46,CML69,55 and friends,17,17,100,1,Y,1
476,46,CML69,55 and friends,17,17,100,1,Y,1
477,46,CML69,55 and friends,17,17,100,1,Y,1
478,46,CML69,55 and friends,17,17,100,1,Y,1
479,46,CML69,55 and friends,17,17,100,1,Y,1
480,46,CML69,55 and friends,17,17,100,1,Y,1
481,46,CML69,55 and friends,17,17,100,1,Y,1
482,46,CML69,55 and friends,17,17,100,1,Y,1
483,46,CML69,55 and friends,17,17,100,1,Y,1
484,46,CML69,55 and friends,17,17,100,1,Y,1
485,46,CML69,55 and friends,17,17,100,1,Y,1
486,46,CML69,55 and friends,17,17,100,1,Y,1
487,46,CML69,55 and friends,17,17,100,1,Y,1
488,46,CML69,55 and friends,17,17,100,1,Y,1
489,102,CML69,55 and friends,17,16,94.11764706,1,Y,1
490,102,CML69,55 and friends,17,16,94.11764706,1,Y,1
491,102,CML69,55 and friends,17,16,94.11764706,1,Y,1
492,102,CML69,55 and friends,17,16,94.11764706,1,Y,1
493,102,CML69,55 and friends,17,16,94.11764706,1,Y,1
494,102,CML69,55 and friends,17,16,94.11764706,1,Y,1
495,102,CML69,55 and friends,17,16,94.11764706,1,Y,1
496,102,CML69,55 and friends,17,16,94.11764706,1,Y,1
497,102,CML69,55 and friends,17,16,94.11764706,1,Y,1
498,102,CML69,55 and friends,17,16,94.11764706,1,Y,1
499,102,CML69,55 and friends,17,16,94.11764706,1,Y,1
500,102,CML69,55 and friends,17,16,94.11764706,1,Y,1
501,102,CML69,55 and friends,17,16,94.11764706,1,Y,1
502,102,CML69,55 and friends,17,16,94.11764706,1,Y,1
503,102,CML69,55 and friends,17,16,94.11764706,1,Y,1
504,102,CML69,55 and friends,17,16,94.11764706,1,Y,1
520,52,GT112,55 and friends,14,3,21.42857143,1,Y,1
521,52,GT112,55 and friends,14,3,21.42857143,1,Y,1
522,52,GT112,55 and friends,14,3,21.42857143,1,Y,1
557,10,Hickory King,55 and friends,9,5,55.55555556,3.5,Y,1
558,10,Hickory King,55 and friends,9,5,55.55555556,3.5,Y,1
559,10,Hickory King,55 and friends,9,5,55.55555556,3.5,Y,1
560,10,Hickory King,55 and friends,9,5,55.55555556,3.5,Y,1
561,10,Hickory King,55 and friends,9,5,55.55555556,3.5,Y,1
567,140,Hickory King,55 and friends,9,9,100,0.5,Y,1
568,140,Hickory King,55 and friends,9,9,100,0.5,Y,1
569,140,Hickory King,55 and friends,9,9,100,2,Y,1
570,140,Hickory King,55 and friends,9,9,100,2,Y,1
571,140,Hickory King,55 and friends,9,9,100,2,Y,1
572,140,Hickory King,55 and friends,9,9,100,2,Y,1
573,140,Hickory King,55 and friends,9,9,100,2,Y,1
574,140,Hickory King,55 and friends,9,9,100,2,Y,1
575,140,Hickory King,55 and friends,9,9,100,2,Y,1
635,18,Ky21,55 and friends,12,2,16.66666667,1,Y,1
636,18,Ky21,55 and friends,12,2,16.66666667,1,Y,1
647,71,Ky21,55 and friends,11,6,54.54545455,1,Y,1
648,71,Ky21,55 and friends,11,6,54.54545455,1,Y,1
649,71,Ky21,55 and friends,11,6,54.54545455,1,Y,1
650,71,Ky21,55 and friends,11,6,54.54545455,1,Y,1
651,71,Ky21,55 and friends,11,6,54.54545455,2,Y,1
652,71,Ky21,55 and friends,11,6,54.54545455,2,Y,1
685,66,LH123Ht,55 and friends,13,1,7.692307692,2,Y,1
698,209,LH123Ht,55 and friends,13,6,46.15384615,4,Y,1
699,209,LH123Ht,55 and friends,13,6,46.15384615,1,Y,1
700,209,LH123Ht,55 and friends,13,6,46.15384615,1,Y,1
701,209,LH123Ht,55 and friends,13,6,46.15384615,1,Y,1
702,209,LH123Ht,55 and friends,13,6,46.15384615,1,Y,1
703,209,LH123Ht,55 and friends,13,6,46.15384615,1,Y,1
745,16,LH252,55 and friends,13,7,53.84615385,2,Y,1
746,16,LH252,55 and friends,13,7,53.84615385,2,Y,1
747,16,LH252,55 and friends,13,7,53.84615385,2,Y,1
748,16,LH252,55 and friends,13,7,53.84615385,2,Y,1
749,16,LH252,55 and friends,13,7,53.84615385,2,Y,1
750,16,LH252,55 and friends,13,7,53.84615385,2,Y,1
751,16,LH252,55 and friends,13,7,53.84615385,2,Y,1
758,134,LH252,55 and friends,7,6,85.71428571,3,Y,1
759,134,LH252,55 and friends,7,6,85.71428571,3,Y,1
760,134,LH252,55 and friends,7,6,85.71428571,3,Y,1
761,134,LH252,55 and friends,7,6,85.71428571,3,Y,1
762,134,LH252,55 and friends,7,6,85.71428571,3,Y,1
763,134,LH252,55 and friends,7,6,85.71428571,3,Y,1
787,33,M162W,55 and friends,15,2,13.33333333,2,Y,1
788,33,M162W,55 and friends,15,2,13.33333333,2,Y,1
802,200,M37W,55 and friends,13,3,23.07692308,1,Y,1
803,200,M37W,55 and friends,13,3,23.07692308,1,Y,1
804,200,M37W,55 and friends,13,3,23.07692308,1,Y,1
815,210,M37W,55 and friends,16,1,6.25,1,Y,1
851,43,Mo18W,55 and friends,18,17,94.44444444,1.5,Y,1
852,43,Mo18W,55 and friends,18,17,94.44444444,1.5,Y,1
853,43,Mo18W,55 and friends,18,17,94.44444444,1.5,Y,1
854,43,Mo18W,55 and friends,18,17,94.44444444,1.5,Y,1
855,43,Mo18W,55 and friends,18,17,94.44444444,1.5,Y,1
856,43,Mo18W,55 and friends,18,17,94.44444444,1.5,Y,1
857,43,Mo18W,55 and friends,18,17,94.44444444,1.5,Y,1
858,43,Mo18W,55 and friends,18,17,94.44444444,1.5,Y,1
859,43,Mo18W,55 and friends,18,17,94.44444444,1.5,Y,1
860,43,Mo18W,55 and friends,18,17,94.44444444,1.5,Y,1
861,43,Mo18W,55 and friends,18,17,94.44444444,1.5,Y,1
862,43,Mo18W,55 and friends,18,17,94.44444444,1.5,Y,1
863,43,Mo18W,55 and friends,18,17,94.44444444,1.5,Y,1
864,43,Mo18W,55 and friends,18,17,94.44444444,1.5,Y,1
865,43,Mo18W,55 and friends,18,17,94.44444444,1.5,Y,1
866,43,Mo18W,55 and friends,18,17,94.44444444,1.5,Y,1
867,43,Mo18W,55 and friends,18,17,94.44444444,1.5,Y,1
869,214,Mo18W,55 and friends,18,18,100,1,Y,1
870,214,Mo18W,55 and friends,18,18,100,1,Y,1
871,214,Mo18W,55 and friends,18,18,100,1,Y,1
872,214,Mo18W,55 and friends,18,18,100,1,Y,1
873,214,Mo18W,55 and friends,18,18,100,1,Y,1
874,214,Mo18W,55 and friends,18,18,100,1,Y,1
875,214,Mo18W,55 and friends,18,18,100,1,Y,1
876,214,Mo18W,55 and friends,18,18,100,1,Y,1
877,214,Mo18W,55 and friends,18,18,100,1,Y,1
878,214,Mo18W,55 and friends,18,18,100,1,Y,1
879,214,Mo18W,55 and friends,18,18,100,1,Y,1
880,214,Mo18W,55 and friends,18,18,100,1,Y,1
881,214,Mo18W,55 and friends,18,18,100,1,Y,1
882,214,Mo18W,55 and friends,18,18,100,1,Y,1
883,214,Mo18W,55 and friends,18,18,100,1,Y,1
884,214,Mo18W,55 and friends,18,18,100,1,Y,1
885,214,Mo18W,55 and friends,18,18,100,1,Y,1
886,214,Mo18W,55 and friends,18,18,100,1,Y,1
933,39,NC262,55 and friends,7,2,28.57142857,2,Y,1
934,39,NC262,55 and friends,7,2,28.57142857,2,Y,1
947,217,NC350,55 and friends,3,3,100,0.5,Y,1
948,217,NC350,55 and friends,3,3,100,0.5,Y,1
949,217,NC350,55 and friends,3,3,100,0.5,Y,1
953,208,Oh43,55 and friends,12,1,8.333333333,2,Y,1
982,29,Oh7B,55 and friends,10,10,100,2.5,Y,1
983,29,Oh7B,55 and friends,10,10,100,2.5,Y,1
984,29,Oh7B,55 and friends,10,10,100,2.5,Y,1
985,29,Oh7B,55 and friends,10,10,100,2.5,Y,1
986,29,Oh7B,55 and friends,10,10,100,2.5,Y,1
987,29,Oh7B,55 and friends,10,10,100,2.5,Y,1
988,29,Oh7B,55 and friends,10,10,100,2.5,Y,1
989,29,Oh7B,55 and friends,10,10,100,2.5,Y,1
990,29,Oh7B,55 and friends,10,10,100,2.5,Y,1
991,29,Oh7B,55 and friends,10,10,100,2.5,Y,1
992,104,Oh7B,55 and friends,9,8,88.88888889,1,Y,1
993,104,Oh7B,55 and friends,9,8,88.88888889,1,Y,1
994,104,Oh7B,55 and friends,9,8,88.88888889,1,Y,1
995,104,Oh7B,55 and friends,9,8,88.88888889,3,Y,1
996,104,Oh7B,55 and friends,9,8,88.88888889,3,Y,1
997,104,Oh7B,55 and friends,9,8,88.88888889,3,Y,1
998,104,Oh7B,55 and friends,9,8,88.88888889,3,Y,1
999,104,Oh7B,55 and friends,9,8,88.88888889,3,Y,1
1001,50,P39,55 and friends,5,5,100,1,Y,1
1002,50,P39,55 and friends,5,5,100,1,Y,1
1003,50,P39,55 and friends,5,5,100,1,Y,1
1004,50,P39,55 and friends,5,5,100,1,Y,1
1005,50,P39,55 and friends,5,5,100,1,Y,1
1033,31,PHB47,55 and friends,15,1,6.666666667,3,Y,1
1048,199,PHB47,55 and friends,10,8,80,1,Y,1
1049,199,PHB47,55 and friends,10,8,80,1,Y,1
1050,199,PHB47,55 and friends,10,8,80,1,Y,1
1051,199,PHB47,55 and friends,10,8,80,1,Y,1
1052,199,PHB47,55 and friends,10,8,80,1,Y,1
1053,199,PHB47,55 and friends,10,8,80,1,Y,1
1054,199,PHB47,55 and friends,10,8,80,1,Y,1
1055,199,PHB47,55 and friends,10,8,80,1,Y,1
1133,201,PHT60,55 and friends,12,2,16.66666667,1,Y,1
1134,201,PHT60,55 and friends,12,2,16.66666667,1,Y,1
1161,19,R78,55 and friends,14,13,92.85714286,1,Y,1
1162,19,R78,55 and friends,14,13,92.85714286,1,Y,1
1163,19,R78,55 and friends,14,13,92.85714286,1,Y,1
1164,19,R78,55 and friends,14,13,92.85714286,1,Y,1
1165,19,R78,55 and friends,14,13,92.85714286,1,Y,1
1166,19,R78,55 and friends,14,13,92.85714286,1,Y,1
1167,19,R78,55 and friends,14,13,92.85714286,1,Y,1
1168,19,R78,55 and friends,14,13,92.85714286,1,Y,1
1169,19,R78,55 and friends,14,13,92.85714286,1,Y,1
1170,19,R78,55 and friends,14,13,92.85714286,1,Y,1
1171,19,R78,55 and friends,14,13,92.85714286,1,Y,1
1172,19,R78,55 and friends,14,13,92.85714286,1,Y,1
1173,19,R78,55 and friends,14,13,92.85714286,3,Y,1
1191,21,R84,55 and friends,15,6,40,1,Y,1
1192,21,R84,55 and friends,15,6,40,1,Y,1
1193,21,R84,55 and friends,15,6,40,1,Y,1
1194,21,R84,55 and friends,15,6,40,1,Y,1
1195,21,R84,55 and friends,15,6,40,1,Y,1
1196,21,R84,55 and friends,15,6,40,1,Y,1
1206,76,R84,55 and friends,14,9,64.28571429,2,Y,1
1207,76,R84,55 and friends,14,9,64.28571429,2,Y,1
1208,76,R84,55 and friends,14,9,64.28571429,2,Y,1
1209,76,R84,55 and friends,14,9,64.28571429,2,Y,1
1210,76,R84,55 and friends,14,9,64.28571429,2,Y,1
1211,76,R84,55 and friends,14,9,64.28571429,2,Y,1
1212,76,R84,55 and friends,14,9,64.28571429,2,Y,1
1213,76,R84,55 and friends,14,9,64.28571429,2,Y,1
1214,76,R84,55 and friends,14,9,64.28571429,2,Y,1
1220,9,SA24,55 and friends,16,16,100,1,Y,1
1221,9,SA24,55 and friends,16,16,100,1,Y,1
1222,9,SA24,55 and friends,16,16,100,1,Y,1
1223,9,SA24,55 and friends,16,16,100,1,Y,1
1224,9,SA24,55 and friends,16,16,100,1,Y,1
1225,9,SA24,55 and friends,16,16,100,1,Y,1
1226,9,SA24,55 and friends,16,16,100,1,Y,1
1227,9,SA24,55 and friends,16,16,100,1,Y,1
1228,9,SA24,55 and friends,16,16,100,1,Y,1
1229,9,SA24,55 and friends,16,16,100,1,Y,1
1230,9,SA24,55 and friends,16,16,100,1,Y,1
1231,9,SA24,55 and friends,16,16,100,1,Y,1
1232,9,SA24,55 and friends,16,16,100,1,Y,1
1233,9,SA24,55 and friends,16,16,100,1,Y,1
1234,9,SA24,55 and friends,16,16,100,1,Y,1
1235,9,SA24,55 and friends,16,16,100,1,Y,1
1236,37,SA24,55 and friends,18,18,100,2,Y,1
1237,37,SA24,55 and friends,18,18,100,2,Y,1
1238,37,SA24,55 and friends,18,18,100,2,Y,1
1239,37,SA24,55 and friends,18,18,100,2,Y,1
1240,37,SA24,55 and friends,18,18,100,2,Y,1
1241,37,SA24,55 and friends,18,18,100,2,Y,1
1242,37,SA24,55 and friends,18,18,100,2,Y,1
1243,37,SA24,55 and friends,18,18,100,2,Y,1
1244,37,SA24,55 and friends,18,18,100,2,Y,1
1245,37,SA24,55 and friends,18,18,100,2,Y,1
1246,37,SA24,55 and friends,18,18,100,2,Y,1
1247,37,SA24,55 and friends,18,18,100,2,Y,1
1248,37,SA24,55 and friends,18,18,100,2,Y,1
1249,37,SA24,55 and friends,18,18,100,2,Y,1
1250,37,SA24,55 and friends,18,18,100,2,Y,1
1251,37,SA24,55 and friends,18,18,100,2,Y,1
1252,37,SA24,55 and friends,18,18,100,2,Y,1
1253,37,SA24,55 and friends,18,18,100,2,Y,1
1254,17,Shoe Peg,55 and friends,9,2,22.22222222,4,Y,1
1255,17,Shoe Peg,55 and friends,9,2,22.22222222,4,Y,1
1263,57,Shoe Peg,55 and friends,15,5,33.33333333,3,Y,1
1264,57,Shoe Peg,55 and friends,15,5,33.33333333,1,Y,1
1265,57,Shoe Peg,55 and friends,15,5,33.33333333,1,Y,1
1266,57,Shoe Peg,55 and friends,15,5,33.33333333,1,Y,1
1267,57,Shoe Peg,55 and friends,15,5,33.33333333,1,Y,1
1278,47,Tx303,55 and friends,15,15,100,2,Y,1
1279,47,Tx303,55 and friends,15,15,100,2,Y,1
1280,47,Tx303,55 and friends,15,15,100,2,Y,1
1281,47,Tx303,55 and friends,15,15,100,2,Y,1
1282,47,Tx303,55 and friends,15,15,100,2,Y,1
1283,47,Tx303,55 and friends,15,15,100,2,Y,1
1284,47,Tx303,55 and friends,15,15,100,2,Y,1
1285,47,Tx303,55 and friends,15,15,100,2,Y,1
1286,47,Tx303,55 and friends,15,15,100,2,Y,1
1287,47,Tx303,55 and friends,15,15,100,2,Y,1
1288,47,Tx303,55 and friends,15,15,100,2,Y,1
1289,47,Tx303,55 and friends,15,15,100,2,Y,1
1290,47,Tx303,55 and friends,15,15,100,2,Y,1
1291,47,Tx303,55 and friends,15,15,100,2,Y,1
1292,47,Tx303,55 and friends,15,15,100,2,Y,1
1293,171,Tx303,55 and friends,16,4,25,1,Y,1
1294,171,Tx303,55 and friends,16,4,25,1,Y,1
1295,171,Tx303,55 and friends,16,4,25,1,Y,1
1296,171,Tx303,55 and friends,16,4,25,1,Y,1
1314,40,Tzi8,55 and friends,2,2,100,2,Y,1
1315,40,Tzi8,55 and friends,2,2,100,2,Y,1
1316,101,Tzi9,55 and friends,15,15,100,1,Y,1
1317,101,Tzi9,55 and friends,15,15,100,1,Y,1
1318,101,Tzi9,55 and friends,15,15,100,1,Y,1
1319,101,Tzi9,55 and friends,15,15,100,1,Y,1
1320,101,Tzi9,55 and friends,15,15,100,1,Y,1
1321,101,Tzi9,55 and friends,15,15,100,1,Y,1
1322,101,Tzi9,55 and friends,15,15,100,1,Y,1
1323,101,Tzi9,55 and friends,15,15,100,1,Y,1
1324,101,Tzi9,55 and friends,15,15,100,1,Y,1
1325,101,Tzi9,55 and friends,15,15,100,1,Y,1
1326,101,Tzi9,55 and friends,15,15,100,1,Y,1
1327,101,Tzi9,55 and friends,15,15,100,1,Y,1
1328,101,Tzi9,55 and friends,15,15,100,1,Y,1
1329,101,Tzi9,55 and friends,15,15,100,1,Y,1
1330,101,Tzi9,55 and friends,15,15,100,1,Y,1
1331,202,Tzi9,55 and friends,17,17,100,0.5,Y,1
1332,202,Tzi9,55 and friends,17,17,100,0.5,Y,1
1333,202,Tzi9,55 and friends,17,17,100,0.5,Y,1
1334,202,Tzi9,55 and friends,17,17,100,0.5,Y,1
1335,202,Tzi9,55 and friends,17,17,100,0.5,Y,1
1336,202,Tzi9,55 and friends,17,17,100,0.5,Y,1
1337,202,Tzi9,55 and friends,17,17,100,0.5,Y,1
1338,202,Tzi9,55 and friends,17,17,100,0.5,Y,1
1339,202,Tzi9,55 and friends,17,17,100,0.5,Y,1
1340,202,Tzi9,55 and friends,17,17,100,0.5,Y,1
1341,202,Tzi9,55 and friends,17,17,100,0.5,Y,1
1342,202,Tzi9,55 and friends,17,17,100,0.5,Y,1
1343,202,Tzi9,55 and friends,17,17,100,0.5,Y,1
1344,202,Tzi9,55 and friends,17,17,100,0.5,Y,1
1345,202,Tzi9,55 and friends,17,17,100,0.5,Y,1
1346,202,Tzi9,55 and friends,17,17,100,0.5,Y,1
1347,202,Tzi9,55 and friends,17,17,100,0.5,Y,1
1348,22,W64A,55 and friends,16,1,6.25,1,Y,1
7,35,2369,55 and friends,18,6,33.33333333,0,N,0
8,35,2369,55 and friends,18,6,33.33333333,0,N,0
9,35,2369,55 and friends,18,6,33.33333333,0,N,0
10,35,2369,55 and friends,18,6,33.33333333,0,N,0
11,35,2369,55 and friends,18,6,33.33333333,0,N,0
12,35,2369,55 and friends,18,6,33.33333333,0,N,0
13,35,2369,55 and friends,18,6,33.33333333,0,N,0
14,35,2369,55 and friends,18,6,33.33333333,0,N,0
15,35,2369,55 and friends,18,6,33.33333333,0,N,0
16,35,2369,55 and friends,18,6,33.33333333,0,N,0
17,35,2369,55 and friends,18,6,33.33333333,0,N,0
18,35,2369,55 and friends,18,6,33.33333333,0,N,0
21,67,2369,55 and friends,16,2,12.5,0,N,0
22,67,2369,55 and friends,16,2,12.5,0,N,0
23,67,2369,55 and friends,16,2,12.5,0,N,0
24,67,2369,55 and friends,16,2,12.5,0,N,0
25,67,2369,55 and friends,16,2,12.5,0,N,0
26,67,2369,55 and friends,16,2,12.5,0,N,0
27,67,2369,55 and friends,16,2,12.5,0,N,0
28,67,2369,55 and friends,16,2,12.5,0,N,0
29,67,2369,55 and friends,16,2,12.5,0,N,0
30,67,2369,55 and friends,16,2,12.5,0,N,0
31,67,2369,55 and friends,16,2,12.5,0,N,0
32,67,2369,55 and friends,16,2,12.5,0,N,0
33,67,2369,55 and friends,16,2,12.5,0,N,0
34,67,2369,55 and friends,16,2,12.5,0,N,0
35,70,6M502,55 and friends,15,0,0,0,N,0
36,70,6M502,55 and friends,15,0,0,0,N,0
37,70,6M502,55 and friends,15,0,0,0,N,0
38,70,6M502,55 and friends,15,0,0,0,N,0
39,70,6M502,55 and friends,15,0,0,0,N,0
40,70,6M502,55 and friends,15,0,0,0,N,0
41,70,6M502,55 and friends,15,0,0,0,N,0
42,70,6M502,55 and friends,15,0,0,0,N,0
43,70,6M502,55 and friends,15,0,0,0,N,0
44,70,6M502,55 and friends,15,0,0,0,N,0
45,70,6M502,55 and friends,15,0,0,0,N,0
46,70,6M502,55 and friends,15,0,0,0,N,0
47,70,6M502,55 and friends,15,0,0,0,N,0
48,70,6M502,55 and friends,15,0,0,0,N,0
49,70,6M502,55 and friends,15,0,0,0,N,0
50,213,6M502,55 and friends,16,0,0,0,N,0
51,213,6M502,55 and friends,16,0,0,0,N,0
52,213,6M502,55 and friends,16,0,0,0,N,0
53,213,6M502,55 and friends,16,0,0,0,N,0
54,213,6M502,55 and friends,16,0,0,0,N,0
55,213,6M502,55 and friends,16,0,0,0,N,0
56,213,6M502,55 and friends,16,0,0,0,N,0
57,213,6M502,55 and friends,16,0,0,0,N,0
58,213,6M502,55 and friends,16,0,0,0,N,0
59,213,6M502,55 and friends,16,0,0,0,N,0
60,213,6M502,55 and friends,16,0,0,0,N,0
61,213,6M502,55 and friends,16,0,0,0,N,0
62,213,6M502,55 and friends,16,0,0,0,N,0
63,213,6M502,55 and friends,16,0,0,0,N,0
64,213,6M502,55 and friends,16,0,0,0,N,0
65,213,6M502,55 and friends,16,0,0,0,N,0
66,30,A632,55 and friends,9,0,0,0,N,0
67,30,A632,55 and friends,9,0,0,0,N,0
68,30,A632,55 and friends,9,0,0,0,N,0
69,30,A632,55 and friends,9,0,0,0,N,0
70,30,A632,55 and friends,9,0,0,0,N,0
71,30,A632,55 and friends,9,0,0,0,N,0
72,30,A632,55 and friends,9,0,0,0,N,0
73,30,A632,55 and friends,9,0,0,0,N,0
74,30,A632,55 and friends,9,0,0,0,N,0
75,69,A632,55 and friends,13,0,0,0,N,0
76,69,A632,55 and friends,13,0,0,0,N,0
77,69,A632,55 and friends,13,0,0,0,N,0
78,69,A632,55 and friends,13,0,0,0,N,0
79,69,A632,55 and friends,13,0,0,0,N,0
80,69,A632,55 and friends,13,0,0,0,N,0
81,69,A632,55 and friends,13,0,0,0,N,0
82,69,A632,55 and friends,13,0,0,0,N,0
83,69,A632,55 and friends,13,0,0,0,N,0
84,69,A632,55 and friends,13,0,0,0,N,0
85,69,A632,55 and friends,13,0,0,0,N,0
86,69,A632,55 and friends,13,0,0,0,N,0
87,69,A632,55 and friends,13,0,0,0,N,0
88,45,B104,55 and friends,17,0,0,0,N,0
89,45,B104,55 and friends,17,0,0,0,N,0
90,45,B104,55 and friends,17,0,0,0,N,0
91,45,B104,55 and friends,17,0,0,0,N,0
92,45,B104,55 and friends,17,0,0,0,N,0
93,45,B104,55 and friends,17,0,0,0,N,0
94,45,B104,55 and friends,17,0,0,0,N,0
95,45,B104,55 and friends,17,0,0,0,N,0
96,45,B104,55 and friends,17,0,0,0,N,0
97,45,B104,55 and friends,17,0,0,0,N,0
98,45,B104,55 and friends,17,0,0,0,N,0
99,45,B104,55 and friends,17,0,0,0,N,0
100,45,B104,55 and friends,17,0,0,0,N,0
101,45,B104,55 and friends,17,0,0,0,N,0
102,45,B104,55 and friends,17,0,0,0,N,0
103,45,B104,55 and friends,17,0,0,0,N,0
104,45,B104,55 and friends,17,0,0,0,N,0
105,212,B104,55 and friends,18,0,0,0,N,0
106,212,B104,55 and friends,18,0,0,0,N,0
107,212,B104,55 and friends,18,0,0,0,N,0
108,212,B104,55 and friends,18,0,0,0,N,0
109,212,B104,55 and friends,18,0,0,0,N,0
110,212,B104,55 and friends,18,0,0,0,N,0
111,212,B104,55 and friends,18,0,0,0,N,0
112,212,B104,55 and friends,18,0,0,0,N,0
113,212,B104,55 and friends,18,0,0,0,N,0
114,212,B104,55 and friends,18,0,0,0,N,0
115,212,B104,55 and friends,18,0,0,0,N,0
116,212,B104,55 and friends,18,0,0,0,N,0
117,212,B104,55 and friends,18,0,0,0,N,0
118,212,B104,55 and friends,18,0,0,0,N,0
119,212,B104,55 and friends,18,0,0,0,N,0
120,212,B104,55 and friends,18,0,0,0,N,0
121,212,B104,55 and friends,18,0,0,0,N,0
122,212,B104,55 and friends,18,0,0,0,N,0
123,28,B73,55 and friends,16,0,0,0,N,0
124,28,B73,55 and friends,16,0,0,0,N,0
125,28,B73,55 and friends,16,0,0,0,N,0
126,28,B73,55 and friends,16,0,0,0,N,0
127,28,B73,55 and friends,16,0,0,0,N,0
128,28,B73,55 and friends,16,0,0,0,N,0
129,28,B73,55 and friends,16,0,0,0,N,0
130,28,B73,55 and friends,16,0,0,0,N,0
131,28,B73,55 and friends,16,0,0,0,N,0
132,28,B73,55 and friends,16,0,0,0,N,0
133,28,B73,55 and friends,16,0,0,0,N,0
134,28,B73,55 and friends,16,0,0,0,N,0
135,28,B73,55 and friends,16,0,0,0,N,0
136,28,B73,55 and friends,16,0,0,0,N,0
137,28,B73,55 and friends,16,0,0,0,N,0
138,28,B73,55 and friends,16,0,0,0,N,0
150,107,B73,55 and friends,18,11,61.11111111,0,N,0
151,107,B73,55 and friends,18,11,61.11111111,0,N,0
152,107,B73,55 and friends,18,11,61.11111111,0,N,0
153,107,B73,55 and friends,18,11,61.11111111,0,N,0
154,107,B73,55 and friends,18,11,61.11111111,0,N,0
155,107,B73,55 and friends,18,11,61.11111111,0,N,0
156,107,B73,55 and friends,18,11,61.11111111,0,N,0
185,42,B97,55 and friends,11,10,90.90909091,0,N,0
187,135,B97,55 and friends,8,1,12.5,0,N,0
188,135,B97,55 and friends,8,1,12.5,0,N,0
189,135,B97,55 and friends,8,1,12.5,0,N,0
190,135,B97,55 and friends,8,1,12.5,0,N,0
191,135,B97,55 and friends,8,1,12.5,0,N,0
192,135,B97,55 and friends,8,1,12.5,0,N,0
193,135,B97,55 and friends,8,1,12.5,0,N,0
242,32,CML103,55 and friends,5,2,40,0,N,0
243,32,CML103,55 and friends,5,2,40,0,N,0
244,32,CML103,55 and friends,5,2,40,0,N,0
250,206,CML103,55 and friends,6,5,83.33333333,0,N,0
251,60,CML228,55 and friends,17,0,0,0,N,0
252,60,CML228,55 and friends,17,0,0,0,N,0
253,60,CML228,55 and friends,17,0,0,0,N,0
254,60,CML228,55 and friends,17,0,0,0,N,0
255,60,CML228,55 and friends,17,0,0,0,N,0
256,60,CML228,55 and friends,17,0,0,0,N,0
257,60,CML228,55 and friends,17,0,0,0,N,0
258,60,CML228,55 and friends,17,0,0,0,N,0
259,60,CML228,55 and friends,17,0,0,0,N,0
260,60,CML228,55 and friends,17,0,0,0,N,0
261,60,CML228,55 and friends,17,0,0,0,N,0
262,60,CML228,55 and friends,17,0,0,0,N,0
263,60,CML228,55 and friends,17,0,0,0,N,0
264,60,CML228,55 and friends,17,0,0,0,N,0
265,60,CML228,55 and friends,17,0,0,0,N,0
266,60,CML228,55 and friends,17,0,0,0,N,0
267,60,CML228,55 and friends,17,0,0,0,N,0
268,64,CML228,55 and friends,16,0,0,0,N,0
269,64,CML228,55 and friends,16,0,0,0,N,0
270,64,CML228,55 and friends,16,0,0,0,N,0
271,64,CML228,55 and friends,16,0,0,0,N,0
272,64,CML228,55 and friends,16,0,0,0,N,0
273,64,CML228,55 and friends,16,0,0,0,N,0
274,64,CML228,55 and friends,16,0,0,0,N,0
275,64,CML228,55 and friends,16,0,0,0,N,0
276,64,CML228,55 and friends,16,0,0,0,N,0
277,64,CML228,55 and friends,16,0,0,0,N,0
278,64,CML228,55 and friends,16,0,0,0,N,0
279,64,CML228,55 and friends,16,0,0,0,N,0
280,64,CML228,55 and friends,16,0,0,0,N,0
281,64,CML228,55 and friends,16,0,0,0,N,0
282,64,CML228,55 and friends,16,0,0,0,N,0
283,64,CML228,55 and friends,16,0,0,0,N,0
288,49,CML247,55 and friends,12,4,33.33333333,0,N,0
289,49,CML247,55 and friends,12,4,33.33333333,0,N,0
290,49,CML247,55 and friends,12,4,33.33333333,0,N,0
291,49,CML247,55 and friends,12,4,33.33333333,0,N,0
292,49,CML247,55 and friends,12,4,33.33333333,0,N,0
293,49,CML247,55 and friends,12,4,33.33333333,0,N,0
294,49,CML247,55 and friends,12,4,33.33333333,0,N,0
295,49,CML247,55 and friends,12,4,33.33333333,0,N,0
308,25,CML258,55 and friends,14,0,0,0,N,0
309,25,CML258,55 and friends,14,0,0,0,N,0
310,25,CML258,55 and friends,14,0,0,0,N,0
311,25,CML258,55 and friends,14,0,0,0,N,0
312,25,CML258,55 and friends,14,0,0,0,N,0
313,25,CML258,55 and friends,14,0,0,0,N,0
314,25,CML258,55 and friends,14,0,0,0,N,0
315,25,CML258,55 and friends,14,0,0,0,N,0
316,25,CML258,55 and friends,14,0,0,0,N,0
317,25,CML258,55 and friends,14,0,0,0,N,0
318,25,CML258,55 and friends,14,0,0,0,N,0
319,25,CML258,55 and friends,14,0,0,0,N,0
320,25,CML258,55 and friends,14,0,0,0,N,0
321,25,CML258,55 and friends,14,0,0,0,N,0
332,105,CML258,55 and friends,15,10,66.66666667,0,N,0
333,105,CML258,55 and friends,15,10,66.66666667,0,N,0
334,105,CML258,55 and friends,15,10,66.66666667,0,N,0
335,105,CML258,55 and friends,15,10,66.66666667,0,N,0
336,105,CML258,55 and friends,15,10,66.66666667,0,N,0
337,75,CML277,55 and friends,14,0,0,0,N,0
338,75,CML277,55 and friends,14,0,0,0,N,0
339,75,CML277,55 and friends,14,0,0,0,N,0
340,75,CML277,55 and friends,14,0,0,0,N,0
341,75,CML277,55 and friends,14,0,0,0,N,0
342,75,CML277,55 and friends,14,0,0,0,N,0
343,75,CML277,55 and friends,14,0,0,0,N,0
344,75,CML277,55 and friends,14,0,0,0,N,0
345,75,CML277,55 and friends,14,0,0,0,N,0
346,75,CML277,55 and friends,14,0,0,0,N,0
347,75,CML277,55 and friends,14,0,0,0,N,0
348,75,CML277,55 and friends,14,0,0,0,N,0
349,75,CML277,55 and friends,14,0,0,0,N,0
350,75,CML277,55 and friends,14,0,0,0,N,0
351,215,CML277,55 and friends,17,0,0,0,N,0
352,215,CML277,55 and friends,17,0,0,0,N,0
353,215,CML277,55 and friends,17,0,0,0,N,0
354,215,CML277,55 and friends,17,0,0,0,N,0
355,215,CML277,55 and friends,17,0,0,0,N,0
356,215,CML277,55 and friends,17,0,0,0,N,0
357,215,CML277,55 and friends,17,0,0,0,N,0
358,215,CML277,55 and friends,17,0,0,0,N,0
359,215,CML277,55 and friends,17,0,0,0,N,0
360,215,CML277,55 and friends,17,0,0,0,N,0
361,215,CML277,55 and friends,17,0,0,0,N,0
362,215,CML277,55 and friends,17,0,0,0,N,0
363,215,CML277,55 and friends,17,0,0,0,N,0
364,215,CML277,55 and friends,17,0,0,0,N,0
365,215,CML277,55 and friends,17,0,0,0,N,0
366,215,CML277,55 and friends,17,0,0,0,N,0
367,215,CML277,55 and friends,17,0,0,0,N,0
368,24,CML322,55 and friends,2,0,0,0,N,0
369,24,CML322,55 and friends,2,0,0,0,N,0
370,170,CML322,55 and friends,2,0,0,0,N,0
371,170,CML322,55 and friends,2,0,0,0,N,0
374,205,CML333,55 and friends,5,2,40,0,N,0
375,205,CML333,55 and friends,5,2,40,0,N,0
376,205,CML333,55 and friends,5,2,40,0,N,0
384,36,CML341,55 and friends,17,3,17.64705882,0,N,0
385,36,CML341,55 and friends,17,3,17.64705882,0,N,0
386,36,CML341,55 and friends,17,3,17.64705882,0,N,0
387,36,CML341,55 and friends,17,3,17.64705882,0,N,0
388,36,CML341,55 and friends,17,3,17.64705882,0,N,0
389,36,CML341,55 and friends,17,3,17.64705882,0,N,0
390,36,CML341,55 and friends,17,3,17.64705882,0,N,0
391,36,CML341,55 and friends,17,3,17.64705882,0,N,0
392,36,CML341,55 and friends,17,3,17.64705882,0,N,0
393,36,CML341,55 and friends,17,3,17.64705882,0,N,0
394,36,CML341,55 and friends,17,3,17.64705882,0,N,0
395,36,CML341,55 and friends,17,3,17.64705882,0,N,0
396,36,CML341,55 and friends,17,3,17.64705882,0,N,0
397,36,CML341,55 and friends,17,3,17.64705882,0,N,0
405,41,CML341,55 and friends,14,7,50,0,N,0
406,41,CML341,55 and friends,14,7,50,0,N,0
407,41,CML341,55 and friends,14,7,50,0,N,0
408,41,CML341,55 and friends,14,7,50,0,N,0
409,41,CML341,55 and friends,14,7,50,0,N,0
410,41,CML341,55 and friends,14,7,50,0,N,0
411,41,CML341,55 and friends,14,7,50,0,N,0
412,167,CML373,55 and friends,12,0,0,0,N,0
413,167,CML373,55 and friends,12,0,0,0,N,0
414,167,CML373,55 and friends,12,0,0,0,N,0
415,167,CML373,55 and friends,12,0,0,0,N,0
416,167,CML373,55 and friends,12,0,0,0,N,0
417,167,CML373,55 and friends,12,0,0,0,N,0
418,167,CML373,55 and friends,12,0,0,0,N,0
419,167,CML373,55 and friends,12,0,0,0,N,0
420,167,CML373,55 and friends,12,0,0,0,N,0
421,167,CML373,55 and friends,12,0,0,0,N,0
422,167,CML373,55 and friends,12,0,0,0,N,0
423,167,CML373,55 and friends,12,0,0,0,N,0
424,221,CML373,55 and friends,17,0,0,0,N,0
425,221,CML373,55 and friends,17,0,0,0,N,0
426,221,CML373,55 and friends,17,0,0,0,N,0
427,221,CML373,55 and friends,17,0,0,0,N,0
428,221,CML373,55 and friends,17,0,0,0,N,0
429,221,CML373,55 and friends,17,0,0,0,N,0
430,221,CML373,55 and friends,17,0,0,0,N,0
431,221,CML373,55 and friends,17,0,0,0,N,0
432,221,CML373,55 and friends,17,0,0,0,N,0
433,221,CML373,55 and friends,17,0,0,0,N,0
434,221,CML373,55 and friends,17,0,0,0,N,0
435,221,CML373,55 and friends,17,0,0,0,N,0
436,221,CML373,55 and friends,17,0,0,0,N,0
437,221,CML373,55 and friends,17,0,0,0,N,0
438,221,CML373,55 and friends,17,0,0,0,N,0
439,221,CML373,55 and friends,17,0,0,0,N,0
440,221,CML373,55 and friends,17,0,0,0,N,0
505,102,CML69,55 and friends,17,16,94.11764706,0,N,0
507,4,F118,55 and friends,6,1,16.66666667,0,N,0
508,4,F118,55 and friends,6,1,16.66666667,0,N,0
509,4,F118,55 and friends,6,1,16.66666667,0,N,0
510,4,F118,55 and friends,6,1,16.66666667,0,N,0
511,4,F118,55 and friends,6,1,16.66666667,0,N,0
512,4,F118,55 and friends,6,1,16.66666667,0,N,0
513,198,F118,55 and friends,7,0,0,0,N,0
514,198,F118,55 and friends,7,0,0,0,N,0
515,198,F118,55 and friends,7,0,0,0,N,0
516,198,F118,55 and friends,7,0,0,0,N,0
517,198,F118,55 and friends,7,0,0,0,N,0
518,198,F118,55 and friends,7,0,0,0,N,0
519,198,F118,55 and friends,7,0,0,0,N,0
523,52,GT112,55 and friends,14,3,21.42857143,0,N,0
524,52,GT112,55 and friends,14,3,21.42857143,0,N,0
525,52,GT112,55 and friends,14,3,21.42857143,0,N,0
526,52,GT112,55 and friends,14,3,21.42857143,0,N,0
527,52,GT112,55 and friends,14,3,21.42857143,0,N,0
528,52,GT112,55 and friends,14,3,21.42857143,0,N,0
529,52,GT112,55 and friends,14,3,21.42857143,0,N,0
530,52,GT112,55 and friends,14,3,21.42857143,0,N,0
531,52,GT112,55 and friends,14,3,21.42857143,0,N,0
532,52,GT112,55 and friends,14,3,21.42857143,0,N,0
533,52,GT112,55 and friends,14,3,21.42857143,0,N,0
534,220,GT112,55 and friends,11,0,0,0,N,0
535,220,GT112,55 and friends,11,0,0,0,N,0
536,220,GT112,55 and friends,11,0,0,0,N,0
537,220,GT112,55 and friends,11,0,0,0,N,0
538,220,GT112,55 and friends,11,0,0,0,N,0
539,220,GT112,55 and friends,11,0,0,0,N,0
540,220,GT112,55 and friends,11,0,0,0,N,0
541,220,GT112,55 and friends,11,0,0,0,N,0
542,220,GT112,55 and friends,11,0,0,0,N,0
543,220,GT112,55 and friends,11,0,0,0,N,0
544,220,GT112,55 and friends,11,0,0,0,N,0
562,10,Hickory King,55 and friends,9,5,55.55555556,0,N,0
563,10,Hickory King,55 and friends,9,5,55.55555556,0,N,0
564,10,Hickory King,55 and friends,9,5,55.55555556,0,N,0
565,10,Hickory King,55 and friends,9,5,55.55555556,0,N,0
566,10,Hickory King,55 and friends,9,5,55.55555556,0,N,0
576,2,Hp301,55 and friends,13,0,0,0,N,0
577,2,Hp301,55 and friends,13,0,0,0,N,0
578,2,Hp301,55 and friends,13,0,0,0,N,0
579,2,Hp301,55 and friends,13,0,0,0,N,0
580,2,Hp301,55 and friends,13,0,0,0,N,0
581,2,Hp301,55 and friends,13,0,0,0,N,0
582,2,Hp301,55 and friends,13,0,0,0,N,0
583,2,Hp301,55 and friends,13,0,0,0,N,0
584,2,Hp301,55 and friends,13,0,0,0,N,0
585,2,Hp301,55 and friends,13,0,0,0,N,0
586,2,Hp301,55 and friends,13,0,0,0,N,0
587,2,Hp301,55 and friends,13,0,0,0,N,0
588,2,Hp301,55 and friends,13,0,0,0,N,0
589,136,Hp301,55 and friends,17,0,0,0,N,0
590,136,Hp301,55 and friends,17,0,0,0,N,0
591,136,Hp301,55 and friends,17,0,0,0,N,0
592,136,Hp301,55 and friends,17,0,0,0,N,0
593,136,Hp301,55 and friends,17,0,0,0,N,0
594,136,Hp301,55 and friends,17,0,0,0,N,0
595,136,Hp301,55 and friends,17,0,0,0,N,0
596,136,Hp301,55 and friends,17,0,0,0,N,0
597,136,Hp301,55 and friends,17,0,0,0,N,0
598,136,Hp301,55 and friends,17,0,0,0,N,0
599,136,Hp301,55 and friends,17,0,0,0,N,0
600,136,Hp301,55 and friends,17,0,0,0,N,0
601,136,Hp301,55 and friends,17,0,0,0,N,0
602,136,Hp301,55 and friends,17,0,0,0,N,0
603,136,Hp301,55 and friends,17,0,0,0,N,0
604,136,Hp301,55 and friends,17,0,0,0,N,0
605,136,Hp301,55 and friends,17,0,0,0,N,0
606,12,Ki11,55 and friends,11,0,0,0,N,0
607,12,Ki11,55 and friends,11,0,0,0,N,0
608,12,Ki11,55 and friends,11,0,0,0,N,0
609,12,Ki11,55 and friends,11,0,0,0,N,0
610,12,Ki11,55 and friends,11,0,0,0,N,0
611,12,Ki11,55 and friends,11,0,0,0,N,0
612,12,Ki11,55 and friends,11,0,0,0,N,0
613,12,Ki11,55 and friends,11,0,0,0,N,0
614,12,Ki11,55 and friends,11,0,0,0,N,0
615,12,Ki11,55 and friends,11,0,0,0,N,0
616,55,Ki11,55 and friends,13,0,0,0,N,0
617,55,Ki11,55 and friends,13,0,0,0,N,0
618,55,Ki11,55 and friends,13,0,0,0,N,0
619,55,Ki11,55 and friends,13,0,0,0,N,0
620,55,Ki11,55 and friends,13,0,0,0,N,0
621,55,Ki11,55 and friends,13,0,0,0,N,0
622,55,Ki11,55 and friends,13,0,0,0,N,0
623,55,Ki11,55 and friends,13,0,0,0,N,0
624,55,Ki11,55 and friends,13,0,0,0,N,0
625,55,Ki11,55 and friends,13,0,0,0,N,0
626,55,Ki11,55 and friends,13,0,0,0,N,0
627,55,Ki11,55 and friends,13,0,0,0,N,0
628,55,Ki11,55 and friends,13,0,0,0,N,0
629,58,Ki3,55 and friends,4,0,0,0,N,0
630,58,Ki3,55 and friends,4,0,0,0,N,0
631,58,Ki3,55 and friends,4,0,0,0,N,0
632,58,Ki3,55 and friends,4,0,0,0,N,0
633,204,Ki3,55 and friends,2,0,0,0,N,0
634,204,Ki3,55 and friends,2,0,0,0,N,0
637,18,Ky21,55 and friends,12,2,16.66666667,0,N,0
638,18,Ky21,55 and friends,12,2,16.66666667,0,N,0
639,18,Ky21,55 and friends,12,2,16.66666667,0,N,0
640,18,Ky21,55 and friends,12,2,16.66666667,0,N,0
641,18,Ky21,55 and friends,12,2,16.66666667,0,N,0
642,18,Ky21,55 and friends,12,2,16.66666667,0,N,0
643,18,Ky21,55 and friends,12,2,16.66666667,0,N,0
644,18,Ky21,55 and friends,12,2,16.66666667,0,N,0
645,18,Ky21,55 and friends,12,2,16.66666667,0,N,0
646,18,Ky21,55 and friends,12,2,16.66666667,0,N,0
653,71,Ky21,55 and friends,11,6,54.54545455,0,N,0
654,71,Ky21,55 and friends,11,6,54.54545455,0,N,0
655,71,Ky21,55 and friends,11,6,54.54545455,0,N,0
656,71,Ky21,55 and friends,11,6,54.54545455,0,N,0
657,71,Ky21,55 and friends,11,6,54.54545455,0,N,0
659,15,L163,55 and friends,13,0,0,0,N,0
660,15,L163,55 and friends,13,0,0,0,N,0
661,15,L163,55 and friends,13,0,0,0,N,0
662,15,L163,55 and friends,13,0,0,0,N,0
663,15,L163,55 and friends,13,0,0,0,N,0
664,15,L163,55 and friends,13,0,0,0,N,0
665,15,L163,55 and friends,13,0,0,0,N,0
666,15,L163,55 and friends,13,0,0,0,N,0
667,15,L163,55 and friends,13,0,0,0,N,0
668,15,L163,55 and friends,13,0,0,0,N,0
669,15,L163,55 and friends,13,0,0,0,N,0
670,15,L163,55 and friends,13,0,0,0,N,0
671,15,L163,55 and friends,13,0,0,0,N,0
672,133,L163,55 and friends,13,0,0,0,N,0
673,133,L163,55 and friends,13,0,0,0,N,0
674,133,L163,55 and friends,13,0,0,0,N,0
675,133,L163,55 and friends,13,0,0,0,N,0
676,133,L163,55 and friends,13,0,0,0,N,0
677,133,L163,55 and friends,13,0,0,0,N,0
678,133,L163,55 and friends,13,0,0,0,N,0
679,133,L163,55 and friends,13,0,0,0,N,0
680,133,L163,55 and friends,13,0,0,0,N,0
681,133,L163,55 and friends,13,0,0,0,N,0
682,133,L163,55 and friends,13,0,0,0,N,0
683,133,L163,55 and friends,13,0,0,0,N,0
684,133,L163,55 and friends,13,0,0,0,N,0
686,66,LH123Ht,55 and friends,13,1,7.692307692,0,N,0
687,66,LH123Ht,55 and friends,13,1,7.692307692,0,N,0
688,66,LH123Ht,55 and friends,13,1,7.692307692,0,N,0
689,66,LH123Ht,55 and friends,13,1,7.692307692,0,N,0
690,66,LH123Ht,55 and friends,13,1,7.692307692,0,N,0
691,66,LH123Ht,55 and friends,13,1,7.692307692,0,N,0
692,66,LH123Ht,55 and friends,13,1,7.692307692,0,N,0
693,66,LH123Ht,55 and friends,13,1,7.692307692,0,N,0
694,66,LH123Ht,55 and friends,13,1,7.692307692,0,N,0
695,66,LH123Ht,55 and friends,13,1,7.692307692,0,N,0
696,66,LH123Ht,55 and friends,13,1,7.692307692,0,N,0
697,66,LH123Ht,55 and friends,13,1,7.692307692,0,N,0
704,209,LH123Ht,55 and friends,13,6,46.15384615,0,N,0
705,209,LH123Ht,55 and friends,13,6,46.15384615,0,N,0
706,209,LH123Ht,55 and friends,13,6,46.15384615,0,N,0
707,209,LH123Ht,55 and friends,13,6,46.15384615,0,N,0
708,209,LH123Ht,55 and friends,13,6,46.15384615,0,N,0
709,209,LH123Ht,55 and friends,13,6,46.15384615,0,N,0
710,209,LH123Ht,55 and friends,13,6,46.15384615,0,N,0
711,7,LH211,55 and friends,17,0,0,0,N,0
712,7,LH211,55 and friends,17,0,0,0,N,0
713,7,LH211,55 and friends,17,0,0,0,N,0
714,7,LH211,55 and friends,17,0,0,0,N,0
715,7,LH211,55 and friends,17,0,0,0,N,0
716,7,LH211,55 and friends,17,0,0,0,N,0
717,7,LH211,55 and friends,17,0,0,0,N,0
718,7,LH211,55 and friends,17,0,0,0,N,0
719,7,LH211,55 and friends,17,0,0,0,N,0
720,7,LH211,55 and friends,17,0,0,0,N,0
721,7,LH211,55 and friends,17,0,0,0,N,0
722,7,LH211,55 and friends,17,0,0,0,N,0
723,7,LH211,55 and friends,17,0,0,0,N,0
724,7,LH211,55 and friends,17,0,0,0,N,0
725,7,LH211,55 and friends,17,0,0,0,N,0
726,7,LH211,55 and friends,17,0,0,0,N,0
727,7,LH211,55 and friends,17,0,0,0,N,0
730,65,LH211,55 and friends,17,2,11.76470588,0,N,0
731,65,LH211,55 and friends,17,2,11.76470588,0,N,0
732,65,LH211,55 and friends,17,2,11.76470588,0,N,0
733,65,LH211,55 and friends,17,2,11.76470588,0,N,0
734,65,LH211,55 and friends,17,2,11.76470588,0,N,0
735,65,LH211,55 and friends,17,2,11.76470588,0,N,0
736,65,LH211,55 and friends,17,2,11.76470588,0,N,0
737,65,LH211,55 and friends,17,2,11.76470588,0,N,0
738,65,LH211,55 and friends,17,2,11.76470588,0,N,0
739,65,LH211,55 and friends,17,2,11.76470588,0,N,0
740,65,LH211,55 and friends,17,2,11.76470588,0,N,0
741,65,LH211,55 and friends,17,2,11.76470588,0,N,0
742,65,LH211,55 and friends,17,2,11.76470588,0,N,0
743,65,LH211,55 and friends,17,2,11.76470588,0,N,0
744,65,LH211,55 and friends,17,2,11.76470588,0,N,0
752,16,LH252,55 and friends,13,7,53.84615385,0,N,0
753,16,LH252,55 and friends,13,7,53.84615385,0,N,0
754,16,LH252,55 and friends,13,7,53.84615385,0,N,0
755,16,LH252,55 and friends,13,7,53.84615385,0,N,0
756,16,LH252,55 and friends,13,7,53.84615385,0,N,0
757,16,LH252,55 and friends,13,7,53.84615385,0,N,0
764,134,LH252,55 and friends,7,6,85.71428571,0,N,0
771,13,M162W,55 and friends,16,0,0,0,N,0
772,13,M162W,55 and friends,16,0,0,0,N,0
773,13,M162W,55 and friends,16,0,0,0,N,0
774,13,M162W,55 and friends,16,0,0,0,N,0
775,13,M162W,55 and friends,16,0,0,0,N,0
776,13,M162W,55 and friends,16,0,0,0,N,0
777,13,M162W,55 and friends,16,0,0,0,N,0
778,13,M162W,55 and friends,16,0,0,0,N,0
779,13,M162W,55 and friends,16,0,0,0,N,0
780,13,M162W,55 and friends,16,0,0,0,N,0
781,13,M162W,55 and friends,16,0,0,0,N,0
782,13,M162W,55 and friends,16,0,0,0,N,0
783,13,M162W,55 and friends,16,0,0,0,N,0
784,13,M162W,55 and friends,16,0,0,0,N,0
785,13,M162W,55 and friends,16,0,0,0,N,0
786,13,M162W,55 and friends,16,0,0,0,N,0
789,33,M162W,55 and friends,15,2,13.33333333,0,N,0
790,33,M162W,55 and friends,15,2,13.33333333,0,N,0
791,33,M162W,55 and friends,15,2,13.33333333,0,N,0
792,33,M162W,55 and friends,15,2,13.33333333,0,N,0
793,33,M162W,55 and friends,15,2,13.33333333,0,N,0
794,33,M162W,55 and friends,15,2,13.33333333,0,N,0
795,33,M162W,55 and friends,15,2,13.33333333,0,N,0
796,33,M162W,55 and friends,15,2,13.33333333,0,N,0
797,33,M162W,55 and friends,15,2,13.33333333,0,N,0
798,33,M162W,55 and friends,15,2,13.33333333,0,N,0
799,33,M162W,55 and friends,15,2,13.33333333,0,N,0
800,33,M162W,55 and friends,15,2,13.33333333,0,N,0
801,33,M162W,55 and friends,15,2,13.33333333,0,N,0
805,200,M37W,55 and friends,13,3,23.07692308,0,N,0
806,200,M37W,55 and friends,13,3,23.07692308,0,N,0
807,200,M37W,55 and friends,13,3,23.07692308,0,N,0
808,200,M37W,55 and friends,13,3,23.07692308,0,N,0
809,200,M37W,55 and friends,13,3,23.07692308,0,N,0
810,200,M37W,55 and friends,13,3,23.07692308,0,N,0
811,200,M37W,55 and friends,13,3,23.07692308,0,N,0
812,200,M37W,55 and friends,13,3,23.07692308,0,N,0
813,200,M37W,55 and friends,13,3,23.07692308,0,N,0
814,200,M37W,55 and friends,13,3,23.07692308,0,N,0
816,210,M37W,55 and friends,16,1,6.25,0,N,0
817,210,M37W,55 and friends,16,1,6.25,0,N,0
818,210,M37W,55 and friends,16,1,6.25,0,N,0
819,210,M37W,55 and friends,16,1,6.25,0,N,0
820,210,M37W,55 and friends,16,1,6.25,0,N,0
821,210,M37W,55 and friends,16,1,6.25,0,N,0
822,210,M37W,55 and friends,16,1,6.25,0,N,0
823,210,M37W,55 and friends,16,1,6.25,0,N,0
824,210,M37W,55 and friends,16,1,6.25,0,N,0
825,210,M37W,55 and friends,16,1,6.25,0,N,0
826,210,M37W,55 and friends,16,1,6.25,0,N,0
827,210,M37W,55 and friends,16,1,6.25,0,N,0
828,210,M37W,55 and friends,16,1,6.25,0,N,0
829,210,M37W,55 and friends,16,1,6.25,0,N,0
830,210,M37W,55 and friends,16,1,6.25,0,N,0
831,62,Mo17,55 and friends,14,0,0,0,N,0
832,62,Mo17,55 and friends,14,0,0,0,N,0
833,62,Mo17,55 and friends,14,0,0,0,N,0
834,62,Mo17,55 and friends,14,0,0,0,N,0
835,62,Mo17,55 and friends,14,0,0,0,N,0
836,62,Mo17,55 and friends,14,0,0,0,N,0
837,62,Mo17,55 and friends,14,0,0,0,N,0
838,62,Mo17,55 and friends,14,0,0,0,N,0
839,62,Mo17,55 and friends,14,0,0,0,N,0
840,62,Mo17,55 and friends,14,0,0,0,N,0
841,62,Mo17,55 and friends,14,0,0,0,N,0
842,62,Mo17,55 and friends,14,0,0,0,N,0
843,62,Mo17,55 and friends,14,0,0,0,N,0
844,62,Mo17,55 and friends,14,0,0,0,N,0
845,172,Mo17,55 and friends,6,0,0,0,N,0
846,172,Mo17,55 and friends,6,0,0,0,N,0
847,172,Mo17,55 and friends,6,0,0,0,N,0
848,172,Mo17,55 and friends,6,0,0,0,N,0
849,172,Mo17,55 and friends,6,0,0,0,N,0
850,172,Mo17,55 and friends,6,0,0,0,N,0
868,43,Mo18W,55 and friends,18,17,94.44444444,0,N,0
910,1,Ms71,55 and friends,12,0,0,0,N,0
911,1,Ms71,55 and friends,12,0,0,0,N,0
912,1,Ms71,55 and friends,12,0,0,0,N,0
913,1,Ms71,55 and friends,12,0,0,0,N,0
914,1,Ms71,55 and friends,12,0,0,0,N,0
915,1,Ms71,55 and friends,12,0,0,0,N,0
916,1,Ms71,55 and friends,12,0,0,0,N,0
917,1,Ms71,55 and friends,12,0,0,0,N,0
918,1,Ms71,55 and friends,12,0,0,0,N,0
919,1,Ms71,55 and friends,12,0,0,0,N,0
920,1,Ms71,55 and friends,12,0,0,0,N,0
921,1,Ms71,55 and friends,12,0,0,0,N,0
922,74,Ms71,55 and friends,11,0,0,0,N,0
923,74,Ms71,55 and friends,11,0,0,0,N,0
924,74,Ms71,55 and friends,11,0,0,0,N,0
925,74,Ms71,55 and friends,11,0,0,0,N,0
926,74,Ms71,55 and friends,11,0,0,0,N,0
927,74,Ms71,55 and friends,11,0,0,0,N,0
928,74,Ms71,55 and friends,11,0,0,0,N,0
929,74,Ms71,55 and friends,11,0,0,0,N,0
930,74,Ms71,55 and friends,11,0,0,0,N,0
931,74,Ms71,55 and friends,11,0,0,0,N,0
932,74,Ms71,55 and friends,11,0,0,0,N,0
935,39,NC262,55 and friends,7,2,28.57142857,0,N,0
936,39,NC262,55 and friends,7,2,28.57142857,0,N,0
937,39,NC262,55 and friends,7,2,28.57142857,0,N,0
938,39,NC262,55 and friends,7,2,28.57142857,0,N,0
939,39,NC262,55 and friends,7,2,28.57142857,0,N,0
940,103,NC262,55 and friends,6,0,0,0,N,0
941,103,NC262,55 and friends,6,0,0,0,N,0
942,103,NC262,55 and friends,6,0,0,0,N,0
943,103,NC262,55 and friends,6,0,0,0,N,0
944,103,NC262,55 and friends,6,0,0,0,N,0
945,103,NC262,55 and friends,6,0,0,0,N,0
946,72,NC350,55 and friends,1,0,0,0,N,0
954,208,Oh43,55 and friends,12,1,8.333333333,0,N,0
955,208,Oh43,55 and friends,12,1,8.333333333,0,N,0
956,208,Oh43,55 and friends,12,1,8.333333333,0,N,0
957,208,Oh43,55 and friends,12,1,8.333333333,0,N,0
958,208,Oh43,55 and friends,12,1,8.333333333,0,N,0
959,208,Oh43,55 and friends,12,1,8.333333333,0,N,0
960,208,Oh43,55 and friends,12,1,8.333333333,0,N,0
961,208,Oh43,55 and friends,12,1,8.333333333,0,N,0
962,208,Oh43,55 and friends,12,1,8.333333333,0,N,0
963,208,Oh43,55 and friends,12,1,8.333333333,0,N,0
964,208,Oh43,55 and friends,12,1,8.333333333,0,N,0
965,224,Oh43,55 and friends,17,0,0,0,N,0
966,224,Oh43,55 and friends,17,0,0,0,N,0
967,224,Oh43,55 and friends,17,0,0,0,N,0
968,224,Oh43,55 and friends,17,0,0,0,N,0
969,224,Oh43,55 and friends,17,0,0,0,N,0
970,224,Oh43,55 and friends,17,0,0,0,N,0
971,224,Oh43,55 and friends,17,0,0,0,N,0
972,224,Oh43,55 and friends,17,0,0,0,N,0
973,224,Oh43,55 and friends,17,0,0,0,N,0
974,224,Oh43,55 and friends,17,0,0,0,N,0
975,224,Oh43,55 and friends,17,0,0,0,N,0
976,224,Oh43,55 and friends,17,0,0,0,N,0
977,224,Oh43,55 and friends,17,0,0,0,N,0
978,224,Oh43,55 and friends,17,0,0,0,N,0
979,224,Oh43,55 and friends,17,0,0,0,N,0
980,224,Oh43,55 and friends,17,0,0,0,N,0
981,224,Oh43,55 and friends,17,0,0,0,N,0
1000,104,Oh7B,55 and friends,9,8,88.88888889,0,N,0
1006,56,P39,55 and friends,2,0,0,0,N,0
1007,56,P39,55 and friends,2,0,0,0,N,0
1034,31,PHB47,55 and friends,15,1,6.666666667,0,N,0
1035,31,PHB47,55 and friends,15,1,6.666666667,0,N,0
1036,31,PHB47,55 and friends,15,1,6.666666667,0,N,0
1037,31,PHB47,55 and friends,15,1,6.666666667,0,N,0
1038,31,PHB47,55 and friends,15,1,6.666666667,0,N,0
1039,31,PHB47,55 and friends,15,1,6.666666667,0,N,0
1040,31,PHB47,55 and friends,15,1,6.666666667,0,N,0
1041,31,PHB47,55 and friends,15,1,6.666666667,0,N,0
1042,31,PHB47,55 and friends,15,1,6.666666667,0,N,0
1043,31,PHB47,55 and friends,15,1,6.666666667,0,N,0
1044,31,PHB47,55 and friends,15,1,6.666666667,0,N,0
1045,31,PHB47,55 and friends,15,1,6.666666667,0,N,0
1046,31,PHB47,55 and friends,15,1,6.666666667,0,N,0
1047,31,PHB47,55 and friends,15,1,6.666666667,0,N,0
1056,199,PHB47,55 and friends,10,8,80,0,N,0
1057,199,PHB47,55 and friends,10,8,80,0,N,0
1058,26,PHHB4,55 and friends,7,0,0,0,N,0
1059,26,PHHB4,55 and friends,7,0,0,0,N,0
1060,26,PHHB4,55 and friends,7,0,0,0,N,0
1061,26,PHHB4,55 and friends,7,0,0,0,N,0
1062,26,PHHB4,55 and friends,7,0,0,0,N,0
1063,26,PHHB4,55 and friends,7,0,0,0,N,0
1064,26,PHHB4,55 and friends,7,0,0,0,N,0
1065,61,PHHB4,55 and friends,5,0,0,0,N,0
1066,61,PHHB4,55 and friends,5,0,0,0,N,0
1067,61,PHHB4,55 and friends,5,0,0,0,N,0
1068,61,PHHB4,55 and friends,5,0,0,0,N,0
1069,61,PHHB4,55 and friends,5,0,0,0,N,0
1070,139,PHK46,55 and friends,9,0,0,0,N,0
1071,139,PHK46,55 and friends,9,0,0,0,N,0
1072,139,PHK46,55 and friends,9,0,0,0,N,0
1073,139,PHK46,55 and friends,9,0,0,0,N,0
1074,139,PHK46,55 and friends,9,0,0,0,N,0
1075,139,PHK46,55 and friends,9,0,0,0,N,0
1076,139,PHK46,55 and friends,9,0,0,0,N,0
1077,139,PHK46,55 and friends,9,0,0,0,N,0
1078,139,PHK46,55 and friends,9,0,0,0,N,0
1079,207,PHK46,55 and friends,8,0,0,0,N,0
1080,207,PHK46,55 and friends,8,0,0,0,N,0
1081,207,PHK46,55 and friends,8,0,0,0,N,0
1082,207,PHK46,55 and friends,8,0,0,0,N,0
1083,207,PHK46,55 and friends,8,0,0,0,N,0
1084,207,PHK46,55 and friends,8,0,0,0,N,0
1085,207,PHK46,55 and friends,8,0,0,0,N,0
1086,207,PHK46,55 and friends,8,0,0,0,N,0
1087,14,PHR58,55 and friends,16,0,0,0,N,0
1088,14,PHR58,55 and friends,16,0,0,0,N,0
1089,14,PHR58,55 and friends,16,0,0,0,N,0
1090,14,PHR58,55 and friends,16,0,0,0,N,0
1091,14,PHR58,55 and friends,16,0,0,0,N,0
1092,14,PHR58,55 and friends,16,0,0,0,N,0
1093,14,PHR58,55 and friends,16,0,0,0,N,0
1094,14,PHR58,55 and friends,16,0,0,0,N,0
1095,14,PHR58,55 and friends,16,0,0,0,N,0
1096,14,PHR58,55 and friends,16,0,0,0,N,0
1097,14,PHR58,55 and friends,16,0,0,0,N,0
1098,14,PHR58,55 and friends,16,0,0,0,N,0
1099,14,PHR58,55 and friends,16,0,0,0,N,0
1100,14,PHR58,55 and friends,16,0,0,0,N,0
1101,14,PHR58,55 and friends,16,0,0,0,N,0
1102,14,PHR58,55 and friends,16,0,0,0,N,0
1103,38,PHR58,55 and friends,14,0,0,0,N,0
1104,38,PHR58,55 and friends,14,0,0,0,N,0
1105,38,PHR58,55 and friends,14,0,0,0,N,0
1106,38,PHR58,55 and friends,14,0,0,0,N,0
1107,38,PHR58,55 and friends,14,0,0,0,N,0
1108,38,PHR58,55 and friends,14,0,0,0,N,0
1109,38,PHR58,55 and friends,14,0,0,0,N,0
1110,38,PHR58,55 and friends,14,0,0,0,N,0
1111,38,PHR58,55 and friends,14,0,0,0,N,0
1112,38,PHR58,55 and friends,14,0,0,0,N,0
1113,38,PHR58,55 and friends,14,0,0,0,N,0
1114,38,PHR58,55 and friends,14,0,0,0,N,0
1115,38,PHR58,55 and friends,14,0,0,0,N,0
1116,38,PHR58,55 and friends,14,0,0,0,N,0
1117,34,PHT60,55 and friends,16,0,0,0,N,0
1118,34,PHT60,55 and friends,16,0,0,0,N,0
1119,34,PHT60,55 and friends,16,0,0,0,N,0
1120,34,PHT60,55 and friends,16,0,0,0,N,0
1121,34,PHT60,55 and friends,16,0,0,0,N,0
1122,34,PHT60,55 and friends,16,0,0,0,N,0
1123,34,PHT60,55 and friends,16,0,0,0,N,0
1124,34,PHT60,55 and friends,16,0,0,0,N,0
1125,34,PHT60,55 and friends,16,0,0,0,N,0
1126,34,PHT60,55 and friends,16,0,0,0,N,0
1127,34,PHT60,55 and friends,16,0,0,0,N,0
1128,34,PHT60,55 and friends,16,0,0,0,N,0
1129,34,PHT60,55 and friends,16,0,0,0,N,0
1130,34,PHT60,55 and friends,16,0,0,0,N,0
1131,34,PHT60,55 and friends,16,0,0,0,N,0
1132,34,PHT60,55 and friends,16,0,0,0,N,0
1135,201,PHT60,55 and friends,12,2,16.66666667,0,N,0
1136,201,PHT60,55 and friends,12,2,16.66666667,0,N,0
1137,201,PHT60,55 and friends,12,2,16.66666667,0,N,0
1138,201,PHT60,55 and friends,12,2,16.66666667,0,N,0
1139,201,PHT60,55 and friends,12,2,16.66666667,0,N,0
1140,201,PHT60,55 and friends,12,2,16.66666667,0,N,0
1141,201,PHT60,55 and friends,12,2,16.66666667,0,N,0
1142,201,PHT60,55 and friends,12,2,16.66666667,0,N,0
1143,201,PHT60,55 and friends,12,2,16.66666667,0,N,0
1144,201,PHT60,55 and friends,12,2,16.66666667,0,N,0
1174,19,R78,55 and friends,14,13,92.85714286,0,N,0
1175,169,R78,55 and friends,16,0,0,0,N,0
1176,169,R78,55 and friends,16,0,0,0,N,0
1177,169,R78,55 and friends,16,0,0,0,N,0
1178,169,R78,55 and friends,16,0,0,0,N,0
1179,169,R78,55 and friends,16,0,0,0,N,0
1180,169,R78,55 and friends,16,0,0,0,N,0
1181,169,R78,55 and friends,16,0,0,0,N,0
1182,169,R78,55 and friends,16,0,0,0,N,0
1183,169,R78,55 and friends,16,0,0,0,N,0
1184,169,R78,55 and friends,16,0,0,0,N,0
1185,169,R78,55 and friends,16,0,0,0,N,0
1186,169,R78,55 and friends,16,0,0,0,N,0
1187,169,R78,55 and friends,16,0,0,0,N,0
1188,169,R78,55 and friends,16,0,0,0,N,0
1189,169,R78,55 and friends,16,0,0,0,N,0
1190,169,R78,55 and friends,16,0,0,0,N,0
1197,21,R84,55 and friends,15,6,40,0,N,0
1198,21,R84,55 and friends,15,6,40,0,N,0
1199,21,R84,55 and friends,15,6,40,0,N,0
1200,21,R84,55 and friends,15,6,40,0,N,0
1201,21,R84,55 and friends,15,6,40,0,N,0
1202,21,R84,55 and friends,15,6,40,0,N,0
1203,21,R84,55 and friends,15,6,40,0,N,0
1204,21,R84,55 and friends,15,6,40,0,N,0
1205,21,R84,55 and friends,15,6,40,0,N,0
1215,76,R84,55 and friends,14,9,64.28571429,0,N,0
1216,76,R84,55 and friends,14,9,64.28571429,0,N,0
1217,76,R84,55 and friends,14,9,64.28571429,0,N,0
1218,76,R84,55 and friends,14,9,64.28571429,0,N,0
1219,76,R84,55 and friends,14,9,64.28571429,0,N,0
1256,17,Shoe Peg,55 and friends,9,2,22.22222222,0,N,0
1257,17,Shoe Peg,55 and friends,9,2,22.22222222,0,N,0
1258,17,Shoe Peg,55 and friends,9,2,22.22222222,0,N,0
1259,17,Shoe Peg,55 and friends,9,2,22.22222222,0,N,0
1260,17,Shoe Peg,55 and friends,9,2,22.22222222,0,N,0
1261,17,Shoe Peg,55 and friends,9,2,22.22222222,0,N,0
1262,17,Shoe Peg,55 and friends,9,2,22.22222222,0,N,0
1268,57,Shoe Peg,55 and friends,15,5,33.33333333,0,N,0
1269,57,Shoe Peg,55 and friends,15,5,33.33333333,0,N,0
1270,57,Shoe Peg,55 and friends,15,5,33.33333333,0,N,0
1271,57,Shoe Peg,55 and friends,15,5,33.33333333,0,N,0
1272,57,Shoe Peg,55 and friends,15,5,33.33333333,0,N,0
1273,57,Shoe Peg,55 and friends,15,5,33.33333333,0,N,0
1274,57,Shoe Peg,55 and friends,15,5,33.33333333,0,N,0
1275,57,Shoe Peg,55 and friends,15,5,33.33333333,0,N,0
1276,57,Shoe Peg,55 and friends,15,5,33.33333333,0,N,0
1277,57,Shoe Peg,55 and friends,15,5,33.33333333,0,N,0
1297,171,Tx303,55 and friends,16,4,25,0,N,0
1298,171,Tx303,55 and friends,16,4,25,0,N,0
1299,171,Tx303,55 and friends,16,4,25,0,N,0
1300,171,Tx303,55 and friends,16,4,25,0,N,0
1301,171,Tx303,55 and friends,16,4,25,0,N,0
1302,171,Tx303,55 and friends,16,4,25,0,N,0
1303,171,Tx303,55 and friends,16,4,25,0,N,0
1304,171,Tx303,55 and friends,16,4,25,0,N,0
1305,171,Tx303,55 and friends,16,4,25,0,N,0
1306,171,Tx303,55 and friends,16,4,25,0,N,0
1307,171,Tx303,55 and friends,16,4,25,0,N,0
1308,171,Tx303,55 and friends,16,4,25,0,N,0
1349,22,W64A,55 and friends,16,1,6.25,0,N,0
1350,22,W64A,55 and friends,16,1,6.25,0,N,0
1351,22,W64A,55 and friends,16,1,6.25,0,N,0
1352,22,W64A,55 and friends,16,1,6.25,0,N,0
1353,22,W64A,55 and friends,16,1,6.25,0,N,0
1354,22,W64A,55 and friends,16,1,6.25,0,N,0
1355,22,W64A,55 and friends,16,1,6.25,0,N,0
1356,22,W64A,55 and friends,16,1,6.25,0,N,0
1357,22,W64A,55 and friends,16,1,6.25,0,N,0
1358,22,W64A,55 and friends,16,1,6.25,0,N,0
1359,22,W64A,55 and friends,16,1,6.25,0,N,0
1360,22,W64A,55 and friends,16,1,6.25,0,N,0
1361,22,W64A,55 and friends,16,1,6.25,0,N,0
1362,22,W64A,55 and friends,16,1,6.25,0,N,0
1363,22,W64A,55 and friends,16,1,6.25,0,N,0
1364,168,W64A,55 and friends,13,0,0,0,N,0
1365,168,W64A,55 and friends,13,0,0,0,N,0
1366,168,W64A,55 and friends,13,0,0,0,N,0
1367,168,W64A,55 and friends,13,0,0,0,N,0
1368,168,W64A,55 and friends,13,0,0,0,N,0
1369,168,W64A,55 and friends,13,0,0,0,N,0
1370,168,W64A,55 and friends,13,0,0,0,N,0
1371,168,W64A,55 and friends,13,0,0,0,N,0
1372,168,W64A,55 and friends,13,0,0,0,N,0
1373,168,W64A,55 and friends,13,0,0,0,N,0
1374,168,W64A,55 and friends,13,0,0,0,N,0
1375,168,W64A,55 and friends,13,0,0,0,N,0
1376,168,W64A,55 and friends,13,0,0,0,N,0
