"Site","Allele","Chr","Position","Gene (T01)","Type","B73(PI550473)","B97(PI564682)","CML103(Ames27081)","CML228(Ames27088)","CML247(PI595541)","CML277(PI595550)","CML322(Ames27096)","CML333(Ames27101)","CML52(PI595561)","CML69(Ames28184)","Hp301(PI587131)","Ki11(Ames27124)","Ki3(Ames27123)","Ky21(Ames27130)","M162W(Ames27134)","M37W(Ames27133)","Mo17(PI648430)","Mo18W(PI550441)","MS71(PI587137)","NC350(Ames27171)","Oh43(Ames19288)","Oh7B(Ames19323)","P39(Ames28186)","Tx303(Ames19327)","Tzi8(PI506246)","A632","CML258","NC262","CML10","CML341","CML341","GT112","LH123Ht","SA24","SA24","Tzi9","Tzi8","W64A","B104","CML373","MR13_(Hickory_King)","MR13(Hickory_King)(Holland)","PHB47","MR20_(Shoe_Peg)","MR20_(Shoe_Peg)_S7","B73","B73"
"S10_139307826","A/T/-","10","139307826","View","IGR","A","A","A","A","A","A","A","N","T","A","A","A","N","A","N","A","A","A","N","A","A","N","A","A","N","A","T","A","T","A","A","A","A","N","N","N","N","T","A","A","N","T","A","N","N","A","-"
"S10_139307827","T/G/-","10","139307827","View","IGR","T","T","T","T","T","T","T","N","G","T","T","T","T","T","N","T","T","T","T","T","T","T","T","T","N","T","G","T","G","T","T","T","T","N","N","N","N","G","T","T","T","T","T","N","N","T","-"
"S10_139307896","A","10","139307896","View","IGR","A","A","A","A","A","A","A","A","A","A","A","A","A","A","A","A","A","A","A","A","A","A","A","A","A","A","A","A","A","A","A","A","A","A","A","N","A","A","A","A","A","N","A","N","N","A","A"
"S10_139307903","A","10","139307903","View","IGR","A","A","A","A","A","A","A","A","A","A","A","A","A","A","A","A","A","A","A","A","A","A","A","A","A","A","A","A","A","A","A","A","A","A","A","N","A","A","A","A","A","N","A","N","N","A","A"
"S10_139307919","T/C","10","139307919","View","IGR","T","T","C","T","T","T","T","N","T","T","C","T","T","C","T","T","N","T","T","C","N","T","T","T","T","N","C","C","T","N","N","T","N","C","C","N","T","C","T","T","C","N","N","N","N","T","T"
"S10_139307924","G","10","139307924","View","IGR","G","G","G","G","G","G","G","G","G","G","G","G","G","G","G","G","G","G","G","G","G","G","G","G","G","N","G","G","G","G","G","G","G","G","G","N","G","G","G","G","N","N","G","N","N","G","G"
"S10_139307925","G/A","10","139307925","View","IGR","G","G","A","G","G","G","G","N","G","G","A","G","G","A","G","G","N","G","G","A","N","G","G","G","G","N","A","A","G","N","N","G","N","A","A","N","G","A","G","G","A","N","N","N","N","G","G"
"S10_139307941","C/G","10","139307941","View","IGR","C","C","G","C","C","C","C","N","C","C","G","C","C","G","C","C","N","C","C","G","N","C","C","C","C","N","G","G","C","N","N","C","N","G","G","N","C","G","C","C","G","N","N","N","N","C","C"
"S10_139307943","G/A","10","139307943","View","IGR","G","G","G","G","G","G","G","G","G","G","G","G","G","G","G","G","G","G","G","A","G","G","G","G","G","G","G","G","G","G","G","G","G","G","G","N","G","G","G","G","G","N","G","N","N","G","G"
"S10_139309634","G/T","10","139309634","View","IGR","G","G","G","G","G","G","G","T","T","G","T","G","G","G","G","G","N","G","G","G","G","G","G","G","T","G","T","T","G","G","G","G","G","T","T","N","T","T","G","G","G","G","T","N","N","G","G"
"S10_139309651","C","10","139309651","View","IGR","C","C","C","C","C","C","C","C","C","C","C","C","C","C","C","C","C","C","C","C","C","C","C","C","C","C","C","C","C","C","C","C","C","C","C","C","C","C","C","C","C","C","C","N","N","C","C"
"S10_139309653","C","10","139309653","View","IGR","C","C","C","C","C","C","C","C","C","C","C","C","C","C","C","C","C","C","C","C","C","C","C","C","C","C","C","C","C","C","C","C","C","C","C","C","C","C","C","C","C","C","C","N","N","C","C"
"S10_139309663","G/C","10","139309663","View","IGR","G","G","G","G","G","G","G","N","C","G","G","G","G","G","G","G","C","G","G","G","G","G","G","G","C","G","C","C","G","G","G","G","G","C","C","G","C","C","G","G","G","G","C","N","N","G","N"
"S10_139309671","C/G","10","139309671","View","IGR","C","C","C","C","C","C","C","C","C","C","C","C","N","C","G","C","C","C","N","C","C","N","C","C","C","C","C","C","C","C","C","C","C","C","C","G","C","C","C","C","N","G","C","N","N","C","C"
"S10_139309683","G/C","10","139309683","View","IGR","G","G","G","G","G","G","G","G","G","G","G","G","N","G","C","G","G","G","N","G","G","N","G","G","G","G","G","G","G","G","G","G","G","G","G","C","G","G","G","G","N","C","G","N","N","G","G"
"S10_139311535","C/G","10","139311535","View","IGR","G","G","C","C","G","G","G","N","C","N","C","G","N","G","G","G","C","G","N","G","N","G","N","N","C","G","N","C","C","G","G","C","C","C","C","C","C","G","C","C","C","C","C","N","N","G","N"
"S10_139311550","T/C","10","139311550","View","IGR","T","T","C","C","T","T","T","N","C","N","C","T","N","T","T","T","C","T","N","N","N","T","T","T","C","T","N","C","C","T","T","T","T","C","C","C","C","T","C","C","C","C","C","N","N","T","N"
"S10_139311565","A/-","10","139311565","View","IGR","A","A","A","A","A","A","A","A","A","A","A","A","A","0","A","A","A","A","A","A","A","A","A","A","A","A","A","A","A","A","A","A","A","A","A","A","A","A","A","A","A","A","A","N","N","A","A"
"S10_139311599","T/G","10","139311599","View","IGR","N","T","N","T","T","T","G","G","T","T","G","T","T","T","G","T","N","T","G","T","T","T","T","T","N","T","T","G","G","T","T","T","N","G","G","G","G","T","G","N","N","G","G","N","T","T","T"
"S10_139311615","T","10","139311615","View","IGR","T","T","T","T","T","T","T","T","T","T","T","T","T","T","T","T","T","T","T","T","T","T","T","T","T","T","T","T","T","T","T","T","N","T","T","T","T","T","T","T","T","T","T","N","T","T","T"
"S10_139311639","C/T","10","139311639","View","IGR","T","C","N","C","C","C","T","T","C","T","T","C","C","C","T","T","N","C","T","C","C","C","C","C","N","C","C","T","T","C","C","C","N","T","T","T","T","C","T","N","N","T","T","N","C","C","C"
"S10_139311652","C","10","139311652","View","IGR","C","C","C","C","C","C","C","C","C","C","C","C","C","C","C","C","C","C","C","C","C","C","C","C","C","C","C","C","C","C","C","C","N","C","C","C","C","C","C","C","C","C","C","N","C","C","C"
"S10_139311653","C","10","139311653","View","IGR","C","C","C","C","C","C","C","C","C","C","C","C","C","C","C","C","C","C","C","C","C","C","C","C","C","C","C","C","C","C","C","C","N","C","C","C","C","C","C","C","C","C","C","N","C","C","C"
"S10_139311654","A/C","10","139311654","View","IGR","A","A","A","A","A","A","A","A","C","A","A","A","A","A","A","A","A","A","A","N","A","A","A","A","A","A","A","A","A","A","A","A","N","A","A","A","A","A","A","A","A","A","A","N","A","A","A"
"S10_139311695","A/G","10","139311695","View","IGR","A","A","A","G","A","N","A","N","A","G","A","A","A","G","A","A","N","A","G","A","N","G","A","A","N","N","G","N","G","G","N","N","G","N","N","G","N","A","G","G","G","G","N","N","N","A","N"
"S10_139311701","T/C/-","10","139311701","View","IGR","T","T","T","T","T","T","T","N","T","T","T","T","T","-","-","T","T","T","T","T","N","-","T","T","T","T","C","N","C","-","N","N","C","N","N","T","T","T","T","C","C","T","N","N","N","T","T"
"S10_139311705","T","10","139311705","View","IGR","T","T","T","T","T","T","T","T","T","T","T","T","T","T","T","T","T","T","T","T","T","T","T","T","T","T","T","N","T","T","T","N","N","N","N","T","T","T","T","T","T","T","T","N","N","T","T"
"S10_139311706","T","10","139311706","View","IGR","T","T","T","T","T","T","T","T","T","T","T","T","T","T","T","T","T","T","T","T","T","T","T","T","T","T","T","N","T","T","T","N","N","N","N","T","T","T","T","T","T","T","T","N","N","T","T"
"S10_139311749","C/G","10","139311749","View","IGR","G","G","G","C","G","G","N","N","C","C","G","G","G","C","C","G","N","G","C","N","N","C","G","G","N","N","C","N","C","C","N","N","N","N","N","C","N","G","C","C","C","C","N","N","N","G","N"
"S10_139313661","C/T","10","139313661","View","IGR","C","C","C","C","C","C","C","C","C","C","C","C","C","C","C","C","C","C","C","C","C","C","C","T","C","C","C","C","C","C","C","C","N","C","C","C","C","C","C","C","N","C","C","N","N","C","C"
"S10_139313671","C","10","139313671","View","IGR","C","C","C","C","C","C","C","C","C","C","C","C","C","C","C","C","C","C","C","C","C","C","C","C","C","C","N","N","N","N","N","C","N","N","N","C","C","C","N","N","N","C","C","N","N","C","C"
"S10_139313697","A","10","139313697","View","IGR","A","A","A","A","A","A","A","A","A","N","A","A","A","A","A","A","A","A","A","A","A","A","A","A","A","A","A","A","A","A","A","A","N","A","A","A","A","A","A","A","N","A","A","N","N","A","A"
"S10_139313725","C/T","10","139313725","View","IGR","C","C","N","C","C","C","C","T","T","N","T","C","N","C","C","C","T","C","C","T","C","C","C","C","T","C","T","T","T","N","N","C","C","T","T","C","N","N","T","T","N","C","T","N","N","C","C"
"S10_139313737","C","10","139313737","View","IGR","C","C","C","C","C","N","C","C","C","C","C","C","C","C","N","C","C","C","C","C","C","C","C","C","C","C","C","C","C","N","N","C","C","C","C","C","C","C","C","N","N","C","C","N","N","C","C"
"S10_139313764","C/G","10","139313764","View","IGR","C","G","C","C","C","C","C","C","C","C","C","C","C","C","C","C","C","C","C","C","G","C","G","C","C","C","C","C","C","N","N","G","G","C","C","C","C","C","C","C","N","C","C","N","N","C","C"
"S10_139314267","G/A","10","139314267","View","IGR","G","A","G","A","A","A","A","N","G","N","A","N","A","G","N","A","G","G","A","G","N","G","N","A","G","A","G","G","G","G","G","G","N","N","N","A","G","N","G","G","N","A","N","N","N","A","N"
"S10_139314286","A/C","10","139314286","View","IGR","C","A","C","A","A","A","A","N","C","N","A","A","A","A","N","A","C","C","A","C","N","A","N","A","C","A","A","C","C","A","A","C","N","N","N","A","C","N","C","C","N","A","N","N","N","A","N"
"S10_139314294","C/G","10","139314294","View","IGR","G","C","G","C","C","C","C","N","G","N","C","C","C","C","N","C","G","G","C","G","N","C","N","C","G","C","C","G","G","C","C","G","N","N","N","C","G","N","G","G","N","C","N","N","N","C","N"
"S10_139314296","G/T","10","139314296","View","IGR","G","T","G","T","T","T","T","N","G","N","T","N","T","G","N","T","G","G","T","G","N","G","N","T","G","T","G","G","G","G","G","G","N","N","N","T","G","N","G","G","N","T","N","N","N","T","N"
"S10_139314302","A","10","139314302","View","IGR","A","A","A","A","A","A","A","A","A","A","A","A","A","A","A","A","A","A","A","A","A","A","A","A","A","A","A","A","A","A","A","A","N","N","N","A","A","A","A","A","N","A","A","N","N","A","A"
"S10_139314305","A","10","139314305","View","IGR","A","A","A","A","A","A","A","A","A","A","A","A","A","A","A","A","A","A","A","A","A","A","A","A","A","A","A","A","A","A","A","A","N","N","N","A","A","A","A","A","N","A","A","N","N","A","A"
"S10_139314324","G/C","10","139314324","View","IGR","G","G","G","G","G","G","G","N","G","C","G","G","N","G","G","G","C","G","G","G","G","G","G","G","N","G","N","C","G","G","G","G","N","N","N","G","N","N","C","N","N","N","C","N","N","G","G"
"S10_139314333","C","10","139314333","View","IGR","C","C","C","C","C","C","C","C","C","C","C","C","C","C","C","C","C","C","C","C","C","C","C","C","C","C","N","C","C","C","C","C","N","N","N","C","C","C","C","N","N","N","C","N","N","C","C"
"S10_139314405","C/T","10","139314405","View","IGR","C","C","C","C","C","C","C","C","C","C","C","C","C","C","N","C","C","C","C","C","N","C","C","C","C","C","C","C","C","C","C","C","N","C","C","N","C","C","C","C","T","N","C","N","N","C","C"
"S10_139314432","A/G","10","139314432","View","IGR","A","A","A","A","A","A","A","A","A","A","A","A","A","A","N","A","A","A","A","A","N","A","A","A","A","A","A","A","A","A","A","A","N","A","A","N","A","A","A","A","G","N","A","N","N","A","A"
"S10_139314437","G","10","139314437","View","IGR","G","G","G","G","G","G","G","G","G","G","G","G","G","G","G","G","G","G","G","G","G","G","G","G","G","G","G","G","G","G","G","G","N","G","G","N","G","G","G","G","G","N","G","N","N","G","G"
"S10_139314439","G/T","10","139314439","View","IGR","T","G","G","G","G","G","G","G","G","G","G","G","N","G","N","G","G","G","G","G","N","G","G","T","G","G","G","G","G","G","G","G","N","G","G","N","G","G","G","G","T","N","G","N","N","G","G"
"S10_139314445","T/C","10","139314445","View","IGR","C","T","T","T","T","T","T","N","T","T","T","N","N","N","C","T","N","T","T","C","N","N","T","C","T","T","N","T","T","C","C","T","N","T","T","N","T","N","T","T","C","N","T","N","N","T","N"
"S10_139314516","C","10","139314516","View","IGR","C","C","C","C","C","C","C","C","C","C","C","C","C","C","C","C","C","C","C","C","C","C","C","C","C","C","C","C","N","C","C","C","N","C","C","C","C","C","C","C","N","C","C","N","N","C","C"
"S10_139314559","A/G","10","139314559","View","IGR","A","A","A","A","A","A","G","A","A","A","A","N","A","G","G","A","N","A","A","A","A","N","A","A","A","N","N","A","N","G","N","A","N","A","A","A","A","N","A","A","N","A","N","N","N","A","N"
"S10_139314605","C","10","139314605","View","IGR","C","C","C","C","C","C","C","C","C","C","C","C","C","C","C","C","C","C","C","C","C","C","C","C","C","C","C","C","C","C","C","C","C","C","C","C","C","C","C","C","N","C","C","N","N","C","C"
"S10_139314637","A/T","10","139314637","View","IGR","A","A","A","A","A","A","A","A","A","A","A","A","A","A","A","A","A","A","A","T","A","A","A","A","A","A","A","A","A","A","A","A","A","A","A","A","A","A","A","A","N","A","A","N","N","A","A"
"S10_139314647","C/T","10","139314647","View","IGR","C","C","C","C","C","C","C","C","C","C","C","C","C","C","C","C","C","C","C","T","C","C","C","C","C","C","C","C","C","C","C","C","C","C","C","C","C","C","C","C","N","C","C","N","N","C","C"
"S10_139314648","C/T","10","139314648","View","IGR","C","C","C","C","C","C","C","C","C","C","C","C","C","C","C","C","C","C","C","T","C","C","C","C","C","C","C","C","C","C","C","C","C","C","C","C","C","C","C","C","N","C","C","N","N","C","C"
"S10_139314649","C/T","10","139314649","View","IGR","C","C","C","C","C","C","C","C","C","C","C","C","C","C","C","C","C","C","C","T","C","C","C","C","C","C","C","C","C","C","C","C","C","C","C","C","C","C","C","C","N","C","C","N","N","C","C"
"S10_139314650","A/T","10","139314650","View","IGR","A","A","A","A","A","A","A","A","A","A","A","A","A","A","A","A","A","A","A","T","A","A","A","A","A","A","A","A","A","A","A","A","A","A","A","A","A","A","A","A","N","A","A","N","N","A","A"
"S10_139314701","A/G","10","139314701","View","IGR","A","R","A","A","A","A","A","A","A","A","A","A","A","A","A","A","A","A","A","A","G","A","G","A","A","N","A","G","A","A","A","G","G","A","A","A","A","A","A","A","N","A","G","N","N","A","A"
"S10_139314711","A/G","10","139314711","View","IGR","A","A","G","A","A","A","A","A","A","G","A","A","A","A","A","A","A","A","A","A","A","A","A","A","A","A","A","A","A","A","N","A","A","A","A","A","A","A","A","A","N","A","A","N","N","A","A"
"S10_139314716","G/C","10","139314716","View","IGR","G","G","G","G","G","G","C","G","G","G","G","N","G","C","C","G","G","C","G","G","G","C","G","G","G","G","G","G","G","G","N","G","G","G","G","N","G","G","G","G","N","G","G","N","N","G","G"
"S10_139314740","T/C","10","139314740","View","IGR","T","T","C","T","T","T","T","T","T","C","T","T","T","T","T","T","T","T","T","T","T","T","T","T","T","T","T","T","T","T","N","T","T","T","T","T","T","T","T","T","N","T","C","N","N","T","T"
"S10_139314746","T/C","10","139314746","View","IGR","C","T","C","T","T","T","T","C","C","C","C","T","C","T","T","C","C","T","T","N","T","T","T","N","C","N","C","T","T","C","N","T","T","C","C","T","C","C","C","T","N","T","C","N","N","T","T"
"S10_139314748","C/T","10","139314748","View","IGR","T","C","T","C","C","C","C","T","T","T","T","C","T","C","C","T","T","C","C","N","C","C","C","N","T","N","T","C","C","T","N","C","C","T","T","C","T","T","T","C","N","C","T","N","N","C","C"
"S10_139314750","T/C/-","10","139314750","View","IGR","T","T","C","T","T","T","T","T","T","C","T","T","-","T","T","-","T","T","T","T","T","T","T","T","T","T","T","T","T","T","N","T","T","T","T","T","T","T","T","T","N","T","C","N","N","T","T"
"S10_139314751","A/G","10","139314751","View","IGR","A","G","A","G","G","G","A","A","A","A","A","N","A","A","A","A","A","A","G","N","G","A","G","N","A","N","A","G","G","A","A","G","G","A","A","N","A","A","A","G","N","G","A","N","N","G","G"
"S10_139315154","G/A","10","139315154","View","IGR","G","G","G","G","G","G","G","N","G","G","G","G","G","G","G","G","G","A","G","G","G","G","G","G","G","G","N","G","G","G","G","G","G","G","G","G","G","G","G","G","N","G","G","N","G","G","G"
"S10_139315155","A/G","10","139315155","View","IGR","A","A","A","G","G","A","G","N","A","N","G","G","N","G","G","N","A","A","G","N","A","G","A","A","A","N","A","A","A","N","N","A","A","G","G","G","N","N","A","A","N","G","A","N","A","G","N"
"S10_139315156","A/G","10","139315156","View","IGR","A","A","A","A","A","A","A","A","A","A","A","A","N","A","A","N","A","A","A","A","A","A","A","G","A","A","A","A","A","A","A","A","A","A","A","A","A","A","A","A","N","A","A","N","G","A","A"
"S10_139315160","G/T","10","139315160","View","IGR","G","G","G","G","G","G","G","G","G","G","G","G","G","G","G","G","G","G","G","G","G","G","G","G","T","G","N","G","G","G","G","G","G","G","G","G","N","G","G","G","N","G","G","N","G","G","G"
"S10_139315171","G","10","139315171","View","IGR","G","G","G","G","G","G","G","G","G","G","G","G","G","G","G","G","G","G","G","G","G","G","G","G","G","G","G","G","G","G","G","G","G","G","G","G","G","G","G","G","N","G","G","N","G","G","G"
"S10_139315173","G/A","10","139315173","View","IGR","G","G","G","G","G","G","G","G","G","G","G","G","N","G","G","N","G","G","G","G","G","G","G","A","G","G","G","G","G","G","G","G","G","G","G","G","G","G","G","G","N","G","G","N","G","G","G"
"S10_139315175","G/C","10","139315175","View","IGR","N","C","C","G","G","C","G","G","G","N","G","G","G","G","G","G","C","G","G","N","C","G","C","G","C","N","N","C","C","G","G","C","C","G","G","G","N","N","C","C","N","G","C","N","G","G","N"
"S10_139315177","A/G","10","139315177","View","IGR","A","A","A","A","A","A","A","A","G","A","A","A","A","A","A","A","A","A","A","A","A","A","A","A","A","A","A","A","A","N","N","A","A","A","A","A","A","A","A","A","N","A","A","N","A","A","A"
"S10_139315178","A/C","10","139315178","View","IGR","A","A","A","A","A","A","A","N","A","A","A","A","A","A","A","A","A","C","A","A","A","A","A","A","A","A","N","A","A","A","A","A","A","A","A","A","A","A","A","A","N","A","A","N","A","A","A"
"S10_139315180","A/C","10","139315180","View","IGR","A","A","A","A","A","A","A","A","A","A","A","A","N","A","A","N","A","A","A","A","A","A","A","C","A","A","A","A","A","A","A","A","A","A","A","A","A","A","A","A","N","A","A","N","A","A","A"
"S10_139315217","T/A","10","139315217","View","IGR","A","T","T","T","T","T","T","N","A","T","T","N","N","A","T","T","N","N","T","N","N","N","T","T","A","T","A","N","A","A","A","N","N","T","T","A","A","T","N","A","N","T","N","A","N","T","N"
"S10_139315219","A/C","10","139315219","View","IGR","A","A","A","A","A","A","A","A","A","A","A","A","A","A","A","A","A","A","A","N","N","A","A","A","A","A","A","N","A","A","A","N","N","A","A","A","A","A","N","A","A","A","A","C","N","A","A"
"S10_139315220","A/G","10","139315220","View","IGR","G","A","A","A","A","A","A","A","A","A","A","A","G","A","A","N","N","A","A","N","A","A","A","G","A","A","A","N","A","A","A","N","N","A","A","A","A","A","N","A","G","A","A","A","N","A","A"
"S10_139315221","A","10","139315221","View","IGR","A","A","A","A","A","A","A","A","A","A","A","A","A","A","A","A","A","A","A","N","A","A","A","A","A","A","A","N","A","A","A","N","N","A","A","A","A","A","N","A","A","A","A","A","N","A","A"
"S10_139315223","G/C","10","139315223","View","IGR","C","G","G","G","G","G","G","G","G","G","G","G","N","G","G","N","N","G","G","N","G","G","G","C","G","G","G","N","G","G","G","N","N","G","G","G","G","G","N","G","C","G","G","N","N","G","G"
"S10_139315224","A","10","139315224","View","IGR","A","A","A","A","A","A","A","A","A","A","A","A","N","A","A","A","A","A","A","N","A","A","A","A","A","A","A","N","A","A","A","N","N","A","A","A","A","A","N","A","A","A","A","A","N","A","A"
"S10_139315230","A","10","139315230","View","IGR","A","A","A","A","A","A","A","A","A","A","A","A","A","A","A","A","A","A","A","N","A","A","A","A","A","A","A","N","A","A","A","N","N","A","A","A","A","A","N","A","A","A","A","A","N","A","A"
"S10_139315231","A/G","10","139315231","View","IGR","A","A","A","A","A","A","A","N","G","A","A","N","A","G","A","A","N","N","A","N","A","N","A","A","A","A","G","N","G","G","G","N","N","A","A","G","A","A","N","G","A","A","N","A","N","A","N"
"S10_139315234","G","10","139315234","View","IGR","G","G","G","G","G","G","G","G","G","G","G","G","G","G","G","G","G","G","G","N","G","G","G","G","G","G","G","N","G","G","G","N","N","G","G","G","G","G","N","G","G","G","G","G","N","G","G"
"S10_139315236","G","10","139315236","View","IGR","G","G","G","G","G","G","G","G","G","G","G","G","G","G","G","G","G","G","G","N","G","G","G","G","G","G","G","N","G","G","G","N","N","G","G","G","G","G","N","G","G","G","G","G","N","G","G"
"S10_139315255","T","10","139315255","View","IGR","T","T","T","T","T","T","T","T","T","T","T","T","T","T","T","T","T","T","T","N","T","T","T","T","T","T","T","N","T","T","T","N","N","T","T","T","T","T","N","T","T","T","T","T","N","T","T"
"S10_139315257","T/A","10","139315257","View","IGR","A","T","T","T","T","T","T","T","T","T","T","T","A","T","T","N","N","T","T","N","T","T","T","A","T","T","T","N","T","T","T","N","N","T","T","T","T","T","N","T","A","T","T","T","N","T","T"
"S10_139315259","A","10","139315259","View","IGR","A","A","A","A","A","A","A","A","A","A","A","A","A","A","A","A","A","A","A","N","A","A","A","A","A","A","A","N","A","A","A","N","N","A","A","A","A","A","N","A","A","A","A","A","N","A","A"
"S10_139315260","G/T","10","139315260","View","IGR","T","G","G","G","G","G","G","G","G","G","G","G","T","G","G","N","N","G","G","N","G","G","G","T","G","G","G","N","G","G","G","N","N","G","G","G","G","G","N","G","T","G","G","G","N","G","G"
"S10_139315269","A/G","10","139315269","View","IGR","A","A","A","A","A","A","A","A","A","A","A","N","N","G","A","A","N","A","A","N","A","N","A","A","A","A","A","N","G","G","A","N","N","A","A","G","A","A","N","G","A","A","A","A","N","A","A"
"S10_139315280","A/G","10","139315280","View","IGR","A","G","N","A","A","A","A","A","A","G","A","A","A","A","A","A","G","A","A","G","G","A","N","A","A","A","A","G","G","A","A","G","G","A","A","A","A","A","G","N","N","A","G","A","A","A","N"
"S10_139315324","T/C","10","139315324","View","IGR","T","T","T","T","T","T","T","T","T","T","T","T","T","T","T","T","T","T","T","T","T","T","T","T","C","T","T","T","T","C","C","T","T","T","T","T","C","T","T","T","N","T","T","T","T","T","T"
"S10_139315385","T/G","10","139315385","View","IGR","T","T","T","T","T","T","T","N","G","T","T","N","T","G","T","T","T","G","T","T","T","N","T","T","T","T","T","T","T","G","N","T","N","T","T","N","T","T","T","T","N","T","T","N","N","T","T"
"S10_139315386","T/C","10","139315386","View","IGR","T","T","T","T","T","T","T","N","C","T","T","N","T","C","T","T","T","C","T","T","T","N","T","T","T","T","T","T","T","C","N","T","N","T","T","N","T","T","T","T","N","T","T","N","N","T","T"
"S10_139315390","A","10","139315390","View","IGR","A","A","A","A","A","A","A","A","A","A","A","A","A","A","A","A","A","A","A","A","A","A","A","A","A","A","A","A","A","A","A","A","N","A","A","A","A","A","A","A","N","A","A","N","N","A","A"
"S10_139315615","C","10","139315615","View","IGR","C","C","C","C","C","C","C","C","C","C","C","C","C","C","C","C","C","C","C","C","C","C","C","C","C","C","C","C","C","C","C","C","N","C","C","N","C","C","C","C","N","C","C","N","N","C","C"
"S10_139315638","T","10","139315638","View","IGR","T","T","T","T","T","T","T","T","T","T","T","T","T","T","T","T","T","T","T","T","T","T","T","T","T","T","T","T","T","T","T","T","N","T","T","N","T","T","T","T","N","T","T","N","N","T","T"
"S10_139316011","C/T","10","139316011","View","IGR","C","C","C","C","C","C","C","C","C","C","C","C","C","C","C","C","C","C","C","C","C","C","C","C","C","C","C","C","C","T","N","C","N","C","C","C","C","C","C","C","N","C","C","N","N","C","C"
"S10_139316052","G","10","139316052","GRMZM2G125656","exon","G","G","G","G","G","G","G","G","G","G","G","G","G","G","G","G","G","G","G","G","G","G","G","G","G","G","G","G","G","G","G","G","N","G","G","N","G","G","G","G","G","G","G","N","N","G","G"
"S10_139316101","A","10","139316101","GRMZM2G125656","exon","A","A","A","A","A","A","A","A","A","A","A","A","A","A","A","A","A","A","A","A","A","A","A","A","A","A","A","A","A","A","A","N","N","A","A","N","A","A","A","A","N","A","A","N","N","A","A"
"S10_139316106","G","10","139316106","GRMZM2G125656","exon","G","G","G","G","G","G","G","G","G","G","G","G","G","G","G","G","G","G","G","G","G","G","G","G","G","G","G","G","G","G","G","N","N","G","G","N","G","G","G","G","N","G","G","N","N","G","G"
"S10_139316114","C","10","139316114","GRMZM2G125656","exon","C","C","C","C","C","C","C","C","C","C","C","C","C","C","C","C","C","C","C","C","C","C","C","C","C","C","C","C","C","C","C","N","N","C","C","N","C","C","C","C","N","C","C","N","N","C","C"
"S10_139316263","G","10","139316263","GRMZM2G125656","exon","G","G","G","G","G","G","G","G","G","G","G","G","G","G","G","G","G","G","G","G","G","G","G","G","G","G","G","G","N","G","G","G","G","G","G","G","G","G","G","N","N","G","G","N","N","G","G"
"S10_139316264","G","10","139316264","GRMZM2G125656","exon","G","G","G","G","G","G","G","G","G","G","G","G","G","G","G","G","N","G","G","G","G","G","G","G","G","G","G","G","N","G","G","G","G","G","G","G","G","G","G","G","N","G","G","N","N","G","G"
"S10_139316303","T","10","139316303","GRMZM2G125656","exon","T","T","T","T","T","T","T","T","T","T","T","T","T","T","T","T","T","T","T","T","T","T","T","T","T","T","N","N","T","T","T","N","T","T","T","T","T","T","T","T","N","T","T","N","T","T","T"
"S10_139316310","T/C","10","139316310","GRMZM2G125656","exon","T","T","T","T","T","T","T","T","C","T","T","T","N","T","T","T","T","T","T","T","N","T","T","T","T","T","N","N","T","T","N","N","C","T","T","T","T","T","T","T","N","T","N","N","C","T","T"
"S10_139316315","C","10","139316315","GRMZM2G125656","exon","C","C","C","C","C","C","C","C","C","C","C","C","C","C","C","C","C","C","C","C","C","C","C","C","C","C","N","N","C","C","C","N","C","C","C","C","C","C","C","C","N","C","C","N","C","C","C"
"S10_139316322","T/C","10","139316322","GRMZM2G125656","exon","T","T","T","T","T","T","T","T","T","T","T","T","T","T","N","T","T","T","T","T","N","T","T","T","T","T","N","N","C","T","T","N","T","T","T","T","T","T","T","C","N","T","T","N","T","T","T"
"S10_139316339","A/G","10","139316339","GRMZM2G125656","exon","A","A","N","A","A","A","A","A","G","A","A","A","N","A","N","A","N","A","A","A","N","A","A","G","N","N","N","N","G","A","N","N","G","G","N","A","N","G","A","G","N","A","N","N","G","A","N"
"S10_139316341","G","10","139316341","GRMZM2G125656","exon","G","G","G","G","G","G","G","G","G","G","G","G","G","G","G","G","G","G","G","G","G","G","G","G","G","G","N","N","G","G","G","N","G","G","G","G","G","G","G","G","N","G","G","N","G","G","G"
"S10_139316342","G","10","139316342","GRMZM2G125656","exon","G","G","G","G","G","G","G","G","G","G","G","G","G","G","G","G","G","G","G","G","G","G","G","G","G","G","N","N","G","G","G","N","G","G","G","G","G","G","G","G","N","G","G","N","G","G","G"
"S10_139316461","G","10","139316461","GRMZM2G125656","exon","G","G","G","G","G","G","G","G","N","G","G","G","N","G","G","G","G","G","G","G","G","G","G","G","G","G","G","G","G","G","G","G","G","G","G","G","G","G","G","G","N","G","G","G","N","G","G"
"S10_139316531","T/C","10","139316531","GRMZM2G125656","exon","T","C","C","T","C","T","C","T","T","T","T","C","N","C","T","C","N","N","T","T","N","N","N","C","T","N","T","T","T","C","N","T","N","T","T","N","N","N","T","N","N","N","N","N","N","C","N"
"S10_139316533","C/T","10","139316533","GRMZM2G125656","exon","C","T","T","C","T","C","T","C","C","C","C","T","N","T","C","T","N","N","C","C","N","N","N","T","C","N","C","C","C","T","N","C","N","C","C","N","N","N","C","N","N","N","N","N","N","T","N"
"S10_139316543","T","10","139316543","GRMZM2G125656","exon","T","T","T","T","T","T","T","T","T","T","T","T","T","T","T","T","T","T","T","T","T","T","T","T","T","T","T","T","T","T","T","T","N","T","T","N","T","T","T","T","N","N","T","N","N","T","T"
"S10_139316558","G","10","139316558","GRMZM2G125656","exon","G","G","G","G","G","G","G","G","G","G","G","G","G","G","G","G","G","G","G","G","G","G","G","G","G","G","G","G","G","G","N","G","N","G","G","N","G","G","G","G","N","N","G","N","N","G","G"
"S10_139316570","C/G","10","139316570","GRMZM2G125656","exon","G","C","C","C","C","G","C","G","G","G","G","N","N","N","C","C","N","N","C","G","N","N","N","C","G","N","C","C","G","G","G","G","N","N","G","N","N","C","C","N","N","N","N","N","N","C","N"
"S10_139316579","A","10","139316579","GRMZM2G125656","exon","A","A","A","A","A","A","A","A","A","A","A","A","A","A","A","A","A","A","A","A","A","A","A","A","A","A","A","A","A","A","N","A","N","A","A","N","A","A","A","A","N","N","A","N","N","A","A"
"S10_139316582","G/A","10","139316582","GRMZM2G125656","exon","G","G","A","G","G","G","G","G","G","G","G","G","G","G","G","G","N","G","G","G","G","G","G","N","G","G","G","G","G","G","G","G","N","G","G","N","G","N","G","G","N","N","G","N","N","G","G"
"S10_139316690","T/C","10","139316690","GRMZM2G125656","exon","T","T","T","C","T","T","T","N","T","T","T","T","T","T","T","T","C","N","N","T","T","T","T","T","T","N","T","C","C","T","T","T","N","T","T","C","T","N","C","C","T","C","T","N","N","T","T"
"S10_139316696","T/C","10","139316696","GRMZM2G125656","exon","T","T","T","T","T","T","T","T","T","T","T","T","T","T","T","T","T","T","T","T","T","T","T","T","T","T","T","T","T","T","T","C","N","T","T","T","T","T","T","T","T","T","T","N","N","T","T"
"S10_139316713","G","10","139316713","GRMZM2G125656","exon","G","G","G","G","G","G","G","G","G","G","G","G","G","G","G","G","G","G","G","G","G","G","G","G","G","G","G","G","G","G","G","G","N","G","G","G","G","G","G","G","G","G","G","N","N","G","G"
"S10_139316739","A/G","10","139316739","GRMZM2G125656","exon","A","A","A","A","A","A","A","A","G","A","A","A","N","A","A","A","A","A","A","A","A","A","A","A","A","A","A","A","A","A","A","A","A","A","A","N","A","A","A","A","A","A","A","N","G","A","A"
"S10_139316748","T","10","139316748","GRMZM2G125656","exon","T","T","T","T","T","T","T","T","T","T","T","T","T","T","T","T","T","T","T","T","T","T","T","T","T","T","T","T","T","T","T","T","T","T","T","N","T","T","T","T","T","T","T","N","T","T","T"
"S10_139316756","G/A","10","139316756","GRMZM2G125656","exon","G","G","G","G","G","G","G","G","G","G","G","A","G","A","G","G","N","G","G","G","G","N","G","G","G","G","G","G","G","A","N","G","G","G","G","N","N","G","G","G","G","G","G","N","G","G","G"
"S10_139316783","C/T","10","139316783","GRMZM2G125656","exon","C","C","C","T","C","C","C","C","C","C","C","C","C","C","C","C","N","C","N","C","C","C","C","C","C","C","C","T","T","C","C","C","C","C","C","N","C","N","T","T","C","T","N","N","C","C","C"
"S10_139316900","C","10","139316900","GRMZM2G125656","exon","C","C","C","C","C","C","C","C","C","C","C","C","C","C","C","C","C","C","C","C","C","C","C","C","C","C","C","C","C","C","N","C","N","C","C","C","C","C","C","C","N","N","C","N","N","C","C"
"S10_139316906","C","10","139316906","GRMZM2G125656","exon","C","C","C","C","C","C","C","C","C","C","C","C","C","C","C","C","C","C","C","C","C","C","C","C","C","C","C","C","C","C","C","C","N","C","C","C","C","C","C","C","N","N","C","N","N","C","C"
"S10_139316908","C","10","139316908","GRMZM2G125656","exon","C","C","C","C","C","N","C","C","C","C","C","C","C","C","C","C","C","C","C","C","C","C","C","C","C","C","C","C","C","C","C","C","N","C","C","C","C","C","C","C","N","N","C","N","N","C","C"
"S10_139316909","A/T","10","139316909","GRMZM2G125656","exon","T","T","N","A","A","N","T","T","A","T","T","A","A","A","N","A","A","T","A","N","T","A","T","T","T","N","T","A","A","T","N","T","N","N","N","A","N","N","N","N","N","N","N","N","N","A","N"
"S10_139316926","G","10","139316926","GRMZM2G125656","exon","G","G","G","G","G","G","G","G","G","G","G","G","G","G","G","G","G","G","G","G","G","G","G","G","G","G","G","G","G","G","G","G","N","G","G","G","G","G","G","G","N","N","G","N","N","G","G"
"S10_139316927","G","10","139316927","GRMZM2G125656","exon","G","G","G","G","G","G","G","G","G","G","G","G","G","G","G","G","G","G","G","G","G","G","G","G","G","G","G","G","G","G","G","G","N","G","G","G","G","G","G","G","N","N","G","N","N","G","G"
"S10_139316933","A","10","139316933","GRMZM2G125656","exon","A","A","A","A","A","A","A","A","A","A","A","A","A","A","A","A","A","A","A","A","A","A","A","A","A","A","A","A","A","A","N","A","N","A","A","A","A","A","A","A","N","N","A","N","N","A","A"
"S10_139316939","T/C","10","139316939","GRMZM2G125656","exon","T","C","T","T","T","N","C","C","T","C","C","T","T","T","N","T","T","C","T","N","C","T","C","T","C","N","C","T","T","C","N","C","N","N","N","T","N","N","N","N","N","N","N","N","N","T","N"
"S10_139316954","C/T","10","139316954","GRMZM2G125656","exon","C","C","N","C","C","C","C","C","C","C","C","C","C","C","N","C","C","C","C","C","C","C","C","T","C","C","C","C","C","C","C","C","N","C","C","C","C","N","C","C","N","N","C","N","N","C","C"
"S10_139316958","A/T","10","139316958","GRMZM2G125656","exon","A","A","A","A","A","A","A","A","A","A","A","N","A","T","A","A","A","A","A","A","A","N","A","A","A","A","A","A","A","A","N","A","N","A","A","T","A","A","A","A","N","N","A","N","N","A","A"
"S10_139317496","A/T","10","139317496","GRMZM2G125656","exon","T","A","A","T","A","T","A","A","A","A","A","A","N","A","A","N","A","A","A","A","N","N","A","A","A","N","A","A","A","A","A","A","A","A","A","A","A","A","A","A","A","A","A","N","A","A","A"
"S10_139317563","G/T","10","139317563","GRMZM2G125656","intron","G","G","G","G","G","G","G","G","G","G","G","G","G","G","T","G","T","G","G","G","G","G","G","G","G","N","G","T","G","G","G","G","G","G","N","G","G","G","T","G","G","G","G","T","T","G","G"
"S10_139317571","G/T","10","139317571","GRMZM2G125656","intron","G","G","G","G","G","G","G","G","G","G","G","G","T","G","G","G","G","G","N","G","G","G","G","G","G","G","G","G","G","G","G","G","G","G","G","T","G","G","G","G","G","T","G","G","G","G","G"
"S10_139318496","A","10","139318496","GRMZM2G125656","exon","A","A","A","A","A","A","A","A","A","A","A","A","A","A","A","A","A","A","A","A","A","A","A","A","A","A","A","A","A","A","A","A","A","A","A","A","A","A","A","A","N","A","A","N","N","A","A"
"S10_139318533","T/C","10","139318533","GRMZM2G125656","exon","T","T","T","T","T","T","T","T","T","T","T","T","N","T","T","T","T","T","C","T","T","T","T","T","T","T","T","T","T","T","T","T","T","T","T","C","T","T","N","T","N","C","T","N","N","T","T"
"S10_139318562","C","10","139318562","GRMZM2G125656","exon","C","C","C","C","C","C","C","C","C","C","C","C","C","C","C","C","C","C","C","C","C","C","C","C","C","C","C","C","C","C","C","C","C","C","C","C","C","C","C","C","N","C","C","N","C","C","C"
"S10_139318563","T/A","10","139318563","GRMZM2G125656","exon","T","T","T","T","T","T","T","T","T","T","T","N","T","A","T","T","T","A","T","T","T","N","T","T","T","T","T","T","T","T","N","T","T","T","T","N","T","T","T","T","N","T","T","N","T","T","T"
"S10_139318575","C/T","10","139318575","GRMZM2G125656","exon","T","T","T","T","T","T","T","C","C","C","C","N","T","C","T","T","T","C","T","N","C","N","C","T","C","T","C","T","C","C","C","C","C","C","C","N","C","T","N","C","N","N","C","N","C","T","N"
"S10_139318578","G/A","10","139318578","GRMZM2G125656","exon","G","G","G","G","G","G","G","G","G","G","G","G","G","G","G","G","G","G","G","G","G","G","G","G","G","G","G","G","G","G","G","G","G","G","G","G","G","G","G","G","N","G","A","N","G","G","G"
"S10_139318584","C/G","10","139318584","GRMZM2G125656","exon","C","C","C","C","C","C","C","G","G","G","G","C","C","C","C","C","C","C","C","N","G","C","G","C","G","C","G","C","G","G","N","G","G","G","G","C","G","C","N","G","N","N","G","N","G","C","N"
"S10_139318593","C","10","139318593","GRMZM2G125656","exon","C","C","C","C","C","C","C","C","C","C","C","C","C","C","C","C","C","C","C","C","C","C","C","C","C","C","C","C","C","C","C","C","C","C","C","C","C","C","C","C","N","C","C","N","C","C","C"
"S10_139319607","G","10","139319607","View","IGR","G","G","G","G","G","G","G","G","G","G","G","G","G","G","G","G","G","G","G","G","G","G","G","G","G","G","G","G","G","G","G","G","N","G","G","G","G","G","G","G","G","G","G","N","N","G","G"
"S10_139319638","A","10","139319638","View","IGR","A","A","A","A","A","A","A","A","A","A","A","A","A","A","A","A","A","A","A","A","A","A","A","A","A","A","A","A","A","A","A","A","N","A","A","A","A","A","A","A","A","A","A","N","N","A","A"
"S10_139319640","C/T","10","139319640","View","IGR","C","C","C","C","C","C","C","C","C","C","C","C","C","C","C","C","C","C","C","C","C","C","C","C","C","C","C","C","C","C","C","C","N","C","C","C","C","C","C","C","T","C","C","N","N","C","C"
"S10_139319718","T/G","10","139319718","View","IGR","T","G","T","T","T","T","T","T","G","T","T","G","G","G","T","G","T","T","N","T","N","N","N","T","T","T","N","G","N","G","G","G","G","N","N","N","T","T","T","N","N","N","N","N","N","T","N"
"S10_139319733","G/A","10","139319733","View","IGR","G","G","A","A","A","G","A","A","G","N","A","G","G","G","G","G","A","G","N","G","N","N","N","A","A","A","N","G","N","G","G","G","G","N","N","N","A","A","N","N","N","N","N","N","N","G","G"
"S10_139319743","C/T","10","139319743","View","IGR","C","C","C","C","C","C","C","C","C","N","C","C","C","C","T","C","C","T","N","T","C","C","C","C","C","C","N","C","N","C","C","C","C","N","N","N","C","C","N","N","N","N","C","N","N","C","C"
"S10_139319754","G/T","10","139319754","View","IGR","G","G","T","T","T","G","T","T","G","N","T","G","G","G","G","G","T","G","N","G","N","N","N","T","T","T","N","G","N","T","T","G","G","N","N","N","T","T","N","N","N","N","N","N","N","G","G"
"S10_139320201","T/G","10","139320201","View","IGR","T","T","T","T","T","T","T","N","T","T","T","N","T","N","T","T","T","T","T","T","N","N","N","T","T","T","G","N","N","T","T","N","N","N","N","N","T","T","T","N","N","N","G","N","N","T","T"
"S10_139320229","C/G","10","139320229","View","IGR","C","C","C","C","C","C","C","N","C","N","C","N","N","N","C","C","C","N","C","C","N","N","N","C","C","C","G","N","N","N","N","N","N","N","N","N","C","C","C","N","N","N","G","N","N","C","C"
"S10_139320258","G/A","10","139320258","View","IGR","G","G","G","G","G","G","G","G","G","G","G","G","G","G","G","G","G","G","G","G","G","G","G","G","G","G","G","G","G","G","G","G","G","G","G","A","G","G","G","G","G","G","G","N","N","G","G"
"S10_139320260","C","10","139320260","View","IGR","C","C","C","C","C","C","C","C","C","C","C","C","C","C","C","C","C","C","C","C","C","C","C","C","C","C","C","N","C","C","C","C","C","C","C","C","C","C","C","C","N","C","C","N","N","C","C"
"S10_139320277","T/C","10","139320277","View","IGR","T","T","T","T","T","T","T","T","T","T","C","T","T","T","T","T","T","T","C","T","T","T","T","T","C","T","T","T","T","T","T","T","T","C","C","T","C","T","T","T","T","C","T","N","N","T","T"
"S10_139320282","C/T","10","139320282","View","IGR","T","C","T","T","T","T","T","C","C","C","C","C","T","C","C","C","T","C","C","C","C","C","C","T","C","T","C","C","C","C","C","C","C","C","C","C","C","T","T","C","C","C","C","N","N","T","C"
"S10_139320288","A/T","10","139320288","View","IGR","T","A","T","T","T","T","T","A","A","A","A","A","A","A","A","A","T","A","A","A","A","A","A","T","A","T","A","A","A","A","A","A","A","A","A","A","A","T","T","A","A","A","A","N","N","T","A"
"S10_139320291","C/G","10","139320291","View","IGR","C","C","C","C","C","C","C","C","C","C","C","C","G","C","C","C","C","C","C","C","C","C","C","C","C","C","C","C","C","C","C","C","C","C","C","C","C","C","C","C","C","C","C","N","N","C","C"
"S10_139320300","G","10","139320300","View","IGR","G","G","G","G","G","G","G","G","G","G","G","G","G","G","G","G","G","G","G","G","G","G","G","G","G","G","G","N","G","G","G","G","G","G","G","G","G","G","G","G","N","G","G","N","N","G","G"
"S10_139320301","A/T","10","139320301","View","IGR","A","A","A","A","A","A","A","N","A","A","A","A","A","A","A","A","A","A","A","A","A","A","A","A","A","A","A","T","A","A","A","A","W","A","A","A","A","A","A","A","T","A","A","N","N","A","A"
"S10_139320303","T/G","10","139320303","View","IGR","T","T","T","T","T","T","T","N","T","T","T","T","T","T","T","T","T","T","T","T","T","T","T","T","T","T","T","G","T","T","T","T","K","T","T","T","T","T","T","T","G","T","T","N","N","T","T"
"S10_139320304","T/A","10","139320304","View","IGR","T","T","T","T","T","T","T","N","T","T","T","T","T","T","T","T","T","T","T","T","T","T","T","T","T","T","T","A","T","T","T","T","W","T","T","T","T","T","T","T","A","T","T","N","N","T","T"
"S10_139320305","T/A","10","139320305","View","IGR","T","T","T","T","T","T","T","N","T","T","T","T","T","T","T","T","T","T","T","T","T","T","T","T","T","T","T","A","T","T","T","T","W","T","T","T","T","T","T","T","A","T","T","N","N","T","T"
"S10_139320306","T/G","10","139320306","View","IGR","T","T","T","T","T","T","T","N","T","T","T","T","T","T","T","T","T","T","T","T","T","T","T","T","T","T","T","G","T","T","T","T","K","T","T","T","T","T","T","T","G","T","T","N","N","T","T"
"S10_139320307","G/C","10","139320307","View","IGR","G","G","G","G","G","G","G","N","G","G","G","G","G","G","G","G","G","G","G","G","G","G","G","G","G","G","G","C","G","G","G","G","S","G","G","G","G","G","G","G","C","G","G","N","N","G","G"
"S10_139320319","G/C","10","139320319","View","IGR","G","C","C","G","C","G","N","G","G","N","C","N","N","G","G","G","N","N","G","G","G","N","G","C","G","C","G","N","G","G","G","G","G","G","G","G","N","N","N","G","N","G","N","N","N","C","G"
"S10_139320333","A/G","10","139320333","View","IGR","A","A","A","A","A","A","N","G","G","A","A","N","A","G","A","A","N","A","A","A","G","A","A","A","A","A","G","N","A","G","G","A","G","A","A","G","A","A","A","N","N","A","N","N","N","A","N"
"S10_139320345","A/G","10","139320345","View","IGR","N","A","A","G","A","G","A","A","A","N","A","A","N","A","G","G","N","N","G","G","A","N","G","A","G","A","A","N","G","A","A","G","A","G","G","A","N","N","N","N","N","G","N","N","N","A","N"
"S10_139320400","C","10","139320400","View","IGR","C","C","C","C","C","C","C","C","C","C","C","C","C","C","C","C","C","C","C","C","C","C","C","C","C","C","C","C","C","C","C","C","C","C","C","C","C","C","C","C","N","C","C","C","N","C","C"
"S10_139320404","C/G","10","139320404","View","IGR","C","C","C","C","C","C","G","N","G","C","G","N","C","G","C","C","C","C","G","G","N","C","C","N","G","N","G","C","C","G","G","C","G","G","G","G","G","C","C","C","N","G","C","C","N","C","N"
"S10_139320427","A/G","10","139320427","View","IGR","A","A","A","A","A","A","A","A","A","A","A","A","A","A","A","A","A","A","A","A","A","A","A","A","A","A","A","G","A","A","A","A","A","A","A","A","A","A","A","A","N","A","A","A","N","A","A"
"S10_139320439","T","10","139320439","View","IGR","T","T","T","T","T","T","T","T","T","T","T","T","T","T","T","T","T","T","T","T","T","T","T","T","T","T","T","T","T","T","T","T","T","T","T","T","T","T","T","T","N","N","T","T","N","T","T"
"S10_139320442","G","10","139320442","View","IGR","G","G","G","G","G","G","G","G","G","G","G","G","G","G","G","G","G","G","G","G","G","G","G","G","G","G","G","G","G","G","G","G","G","G","G","G","G","G","G","G","N","G","G","G","N","G","G"
"S10_139320463","G/T","10","139320463","View","IGR","G","G","G","G","G","G","G","G","G","G","G","G","N","G","G","G","G","G","T","N","G","G","G","G","T","G","G","G","G","G","N","G","G","T","N","G","T","N","G","G","G","G","G","G","N","G","G"
"S10_139320468","A/G","10","139320468","View","IGR","A","A","A","A","A","A","A","A","A","A","A","A","A","A","A","A","A","A","A","A","A","A","A","A","A","A","A","A","A","A","A","A","G","A","A","A","A","A","A","A","A","A","A","A","N","A","A"
"S10_139320478","T/C","10","139320478","View","IGR","T","T","T","T","T","T","T","T","T","N","T","T","T","T","N","T","T","C","T","T","T","N","C","T","T","N","T","C","C","T","T","C","T","T","T","T","T","T","N","C","T","T","T","C","N","T","N"
"S10_139320479","T/A","10","139320479","View","IGR","T","T","T","T","T","T","T","T","T","T","T","T","T","T","T","T","T","T","T","T","T","T","T","T","T","T","T","T","T","T","T","T","A","T","T","T","T","T","T","T","T","T","T","T","N","T","T"
"S10_139320499","C","10","139320499","View","IGR","C","C","C","C","C","C","C","C","C","C","C","C","C","C","C","C","C","C","C","C","C","C","C","C","C","C","C","C","C","C","C","C","C","C","C","C","C","C","C","C","C","C","C","C","N","C","C"
"S10_139320604","C/G/-","10","139320604","View","IGR","G","C","G","C","C","C","C","C","C","N","G","C","N","C","-","C","C","C","G","N","C","C","C","G","G","C","C","G","N","C","C","C","G","G","G","C","G","N","C","C","C","C","N","N","N","C","N"
"S10_139320606","G/A/-","10","139320606","View","IGR","A","G","A","G","G","G","G","G","G","N","A","G","N","G","-","G","G","G","A","N","G","G","G","A","A","G","G","A","N","G","G","G","A","A","A","G","A","N","G","G","A","G","N","N","N","G","N"
"S10_139320626","T","10","139320626","View","IGR","T","T","T","T","T","T","T","T","T","T","T","T","T","T","T","T","T","T","T","T","T","T","T","T","T","T","T","T","T","T","T","T","T","T","T","T","T","T","T","T","T","T","T","N","N","T","T"
"S10_139320630","C/A","10","139320630","View","IGR","C","C","C","C","C","C","C","C","C","A","C","C","C","C","A","C","C","N","C","C","N","N","C","C","C","C","C","C","A","C","C","C","C","C","C","C","C","C","C","N","C","C","C","N","N","C","C"
"S10_139320631","T","10","139320631","View","IGR","T","T","T","T","T","T","T","T","T","T","T","T","T","T","T","T","T","T","T","N","T","T","T","T","T","T","T","T","T","T","T","T","T","T","T","T","T","T","T","T","T","T","T","N","N","T","T"
"S10_139320643","G","10","139320643","View","IGR","G","G","G","G","G","G","G","G","G","G","G","G","G","G","G","G","G","G","G","G","G","G","G","G","G","G","G","G","G","G","G","G","G","G","G","G","G","G","G","G","G","G","G","N","N","G","G"
"S10_139320653","T","10","139320653","View","IGR","T","T","T","T","T","T","T","T","T","T","T","T","T","T","T","T","T","T","T","T","T","T","T","T","T","T","N","T","N","N","N","N","N","N","N","N","T","T","T","N","T","N","T","N","T","T","T"
"S10_139320665","C/T","10","139320665","View","IGR","C","C","C","C","C","C","C","C","C","C","C","C","C","C","C","C","C","C","C","C","C","C","C","C","C","C","N","C","N","N","N","N","N","N","N","N","C","C","C","N","C","N","C","N","T","C","C"
"S10_139320707","C/G","10","139320707","View","IGR","C","C","C","C","C","C","C","C","C","C","C","C","C","C","C","C","C","C","C","C","C","C","C","C","C","C","N","C","N","N","N","N","N","N","N","N","C","C","C","N","C","N","C","N","G","C","C"
"S10_139320852","G","10","139320852","View","IGR","G","G","G","G","G","G","G","G","G","G","G","G","G","G","G","G","G","G","G","G","G","G","G","G","G","G","N","N","N","N","N","N","N","G","G","N","G","G","G","N","N","N","G","N","N","G","G"
"S10_139320857","C","10","139320857","View","IGR","C","C","C","C","C","C","C","C","C","C","C","C","C","C","C","C","C","C","C","C","C","C","C","C","C","C","N","N","N","N","N","N","N","C","C","N","C","C","C","N","N","N","C","N","N","C","C"
"S10_139320957","T/A","10","139320957","View","IGR","A","A","A","T","T","T","T","A","T","N","A","A","A","T","T","A","N","T","N","T","T","N","N","N","A","N","N","A","T","T","T","N","T","N","N","T","A","A","A","T","N","N","N","N","N","A","T"
"S10_139320961","T/C","10","139320961","View","IGR","C","C","C","T","T","T","T","C","T","N","C","C","C","T","T","C","N","T","N","T","T","N","N","N","C","N","N","C","T","T","T","N","T","N","N","T","C","C","C","T","N","N","N","N","N","C","T"
"S10_139320962","T/C","10","139320962","View","IGR","C","C","C","T","T","T","T","C","T","N","C","C","C","T","T","C","N","T","N","T","T","N","N","N","C","N","N","C","T","T","T","N","T","N","N","T","C","C","C","T","N","N","N","N","N","C","T"
"S10_139320963","G/A","10","139320963","View","IGR","A","A","A","G","G","G","G","A","G","N","A","A","A","G","G","A","N","G","N","G","G","N","N","N","A","N","N","A","G","G","G","N","G","N","N","G","A","A","A","G","N","N","N","N","N","A","G"
"S10_139320964","C","10","139320964","View","IGR","C","C","C","C","C","C","C","C","C","C","C","C","C","C","C","C","C","C","C","C","C","C","C","C","C","C","N","C","C","C","C","N","C","N","N","C","C","C","C","C","N","N","C","N","N","C","C"
"S10_139320966","C","10","139320966","View","IGR","C","C","C","C","C","C","C","C","C","C","C","C","C","C","C","C","C","C","C","C","C","C","C","C","C","C","N","C","C","C","C","N","C","N","N","C","C","C","C","C","N","N","C","N","N","C","C"
"S10_139320968","A","10","139320968","View","IGR","A","A","A","A","A","A","A","A","A","A","A","A","A","A","A","A","A","A","A","A","A","A","A","A","A","A","N","A","A","A","A","N","A","N","N","A","A","A","A","A","N","N","A","N","N","A","A"
"S10_139320979","T","10","139320979","View","IGR","T","T","T","T","T","T","T","T","T","T","T","T","T","T","T","T","T","T","T","T","T","T","T","T","T","T","N","T","T","T","T","N","T","N","N","T","T","T","T","T","N","N","T","N","N","T","T"
"S10_139320980","T","10","139320980","View","IGR","T","T","T","T","T","T","T","T","T","T","T","T","T","T","T","T","T","T","T","T","T","T","T","T","T","T","N","T","T","T","T","N","T","N","N","T","T","T","T","T","N","N","T","N","N","T","T"
"S10_139320983","G","10","139320983","View","IGR","G","G","G","G","G","G","G","G","G","G","G","G","G","G","G","G","G","G","G","G","G","G","G","G","G","G","N","G","G","G","G","N","G","N","N","G","G","G","G","G","N","N","G","N","N","G","G"
"S10_139320985","C","10","139320985","View","IGR","C","C","C","C","C","C","C","C","C","C","C","C","C","C","C","C","C","C","C","C","C","C","C","C","C","C","N","C","C","C","C","N","C","N","N","C","C","C","C","C","N","N","C","N","N","C","C"
"S10_139320990","G","10","139320990","View","IGR","G","G","G","G","G","G","G","G","G","G","G","G","G","G","G","G","G","G","G","G","G","G","G","G","G","G","N","G","G","G","G","N","G","N","N","G","G","G","G","G","N","N","G","N","N","G","G"
"S10_139321008","C","10","139321008","View","IGR","C","C","C","C","C","C","C","C","C","C","C","C","C","C","C","C","C","C","C","C","C","C","C","C","C","C","N","C","C","C","C","N","C","N","N","C","C","C","C","C","N","N","C","N","N","C","C"
"S10_139321009","T/C","10","139321009","View","IGR","T","T","T","C","T","C","T","T","T","N","T","T","T","T","C","T","N","C","T","C","T","N","N","T","T","T","N","T","T","T","T","N","T","N","N","T","T","T","T","T","N","N","T","N","N","T","T"
"S10_139321010","C","10","139321010","View","IGR","C","C","C","C","C","C","C","C","C","C","C","C","C","C","C","C","C","C","C","C","C","C","C","C","C","C","N","C","C","C","C","N","C","N","N","C","C","N","C","C","N","N","C","N","N","C","C"
"S10_139321011","C","10","139321011","View","IGR","C","C","C","C","C","C","C","C","C","C","C","C","C","C","C","C","C","C","C","C","C","C","C","C","C","C","N","C","C","C","C","N","C","N","N","C","C","C","C","C","N","N","C","N","N","C","C"
"S10_139321079","C/G","10","139321079","View","IGR","G","C","N","C","C","C","C","C","C","C","C","C","C","C","C","C","C","C","C","C","C","C","C","C","C","C","C","C","C","C","C","N","C","C","C","N","C","G","C","C","N","N","N","N","G","C","C"
"S10_139321099","C","10","139321099","View","IGR","C","C","C","C","C","C","C","C","C","C","C","C","C","C","C","C","C","C","C","C","C","C","C","C","C","C","C","C","C","C","C","N","C","C","C","N","C","C","C","C","N","N","N","N","C","C","C"
"S10_139321275","G/A","10","139321275","View","IGR","G","G","N","A","G","A","A","G","A","N","G","G","G","A","N","G","G","G","G","A","A","G","N","A","G","G","A","N","A","A","A","N","A","N","N","N","G","A","G","A","N","N","G","N","N","G","N"
"S10_139321276","C/T","10","139321276","View","IGR","C","C","C","C","C","C","C","C","C","N","C","C","C","C","C","C","C","C","C","C","C","C","C","C","C","C","C","T","C","C","C","N","C","N","N","N","C","C","C","C","N","N","C","N","N","C","C"
"S10_139321305","G/C","10","139321305","View","IGR","G","G","N","G","G","G","G","G","G","G","G","G","G","G","G","G","G","G","G","G","G","G","G","G","G","G","G","G","G","G","G","G","G","G","G","G","G","C","G","G","N","G","G","N","G","G","G"
"S10_139321307","T/C","10","139321307","View","IGR","T","C","N","T","T","C","T","C","T","N","C","C","C","T","T","T","N","T","T","N","T","T","T","N","T","N","T","C","T","T","T","N","T","T","T","T","T","T","N","T","N","N","C","N","C","C","N"
"S10_139321308","G/C","10","139321308","View","IGR","G","G","G","G","G","G","G","G","G","G","G","C","G","G","G","G","G","G","G","G","G","G","G","G","G","G","N","G","G","C","N","C","G","G","G","G","G","G","G","G","N","C","G","N","G","G","G"
"S10_139321309","G/A","10","139321309","View","IGR","N","G","G","G","G","G","G","G","G","N","G","G","G","G","A","A","N","A","A","G","G","A","G","G","A","N","G","G","G","G","G","N","G","A","A","G","A","G","N","G","N","N","G","N","G","G","N"
"S10_139321310","G/A","10","139321310","View","IGR","G","G","G","G","G","G","G","G","G","G","G","A","G","G","G","G","G","G","G","G","G","G","G","G","G","G","N","G","G","A","N","A","G","G","G","G","G","G","G","G","N","A","G","N","G","G","G"
"S10_139321311","G/A","10","139321311","View","IGR","G","G","G","G","G","G","G","G","G","G","G","A","G","G","G","G","G","G","G","G","G","G","G","G","G","G","N","G","G","A","N","A","G","G","G","G","G","G","G","G","N","A","G","N","G","G","G"
"S10_139321312","G/A","10","139321312","View","IGR","G","G","G","G","G","G","G","G","G","G","G","A","G","G","G","G","G","G","G","G","G","G","G","G","G","G","N","G","G","A","N","A","G","G","G","G","G","G","G","G","G","A","G","N","G","G","G"
"S10_139321315","T/G","10","139321315","View","IGR","T","T","T","T","T","T","T","T","T","T","T","G","T","T","T","T","T","T","T","T","T","T","T","T","T","T","N","T","T","G","N","G","T","T","T","T","T","T","T","T","T","G","T","N","T","T","T"
"S10_139321316","G","10","139321316","View","IGR","G","G","G","G","G","G","G","G","G","N","G","G","G","G","G","G","G","G","G","G","G","G","G","G","G","G","G","G","G","G","G","N","G","N","N","N","G","G","G","G","G","N","G","N","N","G","G"
"S10_139321431","G/C/T/-","10","139321431","View","IGR","C","G","-","G","C","C","T","C","G","N","G","N","C","T","N","C","C","K","T","G","K","G","G","K","T","C","G","C","G","G","G","G","N","K","T","G","C","-","C","G","C","G","C","N","C","C","C"
"S10_139321440","G","10","139321440","View","IGR","G","G","N","G","G","G","G","G","N","G","N","G","N","N","G","G","G","N","N","G","G","G","G","N","N","G","G","N","G","G","G","G","N","G","G","N","N","N","G","G","G","G","G","N","N","G","G"
"S10_139321451","G/T","10","139321451","View","IGR","G","G","N","G","G","G","G","G","N","G","N","G","N","N","G","T","N","N","N","G","G","G","G","N","N","G","G","N","G","G","G","G","N","G","G","N","N","N","G","N","G","G","G","N","N","G","G"
"S10_139321456","C/G/-","10","139321456","View","IGR","G","C","C","C","G","G","N","G","C","N","C","N","G","N","N","G","N","C","G","C","C","-","C","C","-","N","C","C","C","C","C","C","N","-","C","C","N","C","G","C","C","C","G","N","G","G","G"
"S10_139321459","C","10","139321459","View","IGR","C","C","C","C","C","C","C","C","C","N","C","C","C","C","C","C","C","C","C","C","C","C","C","C","C","C","N","C","N","C","C","N","N","C","C","C","C","C","C","N","C","N","C","N","N","C","C"
"S10_139321460","C/T","10","139321460","View","IGR","C","C","C","C","C","C","C","C","C","C","C","C","C","C","N","C","C","C","T","C","C","T","C","C","C","C","C","C","C","C","C","C","N","C","C","C","C","C","C","C","C","C","C","N","C","C","C"
"S10_139321468","C/G","10","139321468","View","IGR","C","C","G","C","C","C","C","C","C","C","C","C","C","C","C","C","C","C","C","C","C","C","C","C","C","C","C","G","C","C","C","C","N","C","C","C","C","G","C","C","C","C","C","N","C","C","C"
"S10_139321475","C","10","139321475","View","IGR","C","C","C","C","C","C","C","C","C","C","C","C","C","C","C","C","C","C","C","C","C","C","C","C","C","C","C","C","C","C","C","C","N","C","C","C","C","C","C","C","C","C","C","N","C","C","C"
"S10_139321486","T","10","139321486","View","IGR","T","T","T","T","T","T","T","T","T","T","T","T","T","T","T","T","T","T","T","T","T","T","T","T","T","T","T","T","T","T","T","T","N","T","T","T","T","T","T","T","T","T","T","N","T","T","T"
"S10_139321487","G","10","139321487","View","IGR","G","G","G","G","G","G","G","G","G","G","G","G","G","G","G","G","G","G","G","G","G","G","G","G","G","G","G","G","G","G","G","G","N","G","G","G","G","G","G","G","G","G","G","N","G","G","G"
"S10_139322092","T","10","139322092","View","IGR","T","T","T","T","T","T","T","T","T","N","T","T","T","T","T","T","T","T","T","N","T","T","T","T","T","T","N","T","N","N","N","N","N","N","N","N","T","T","T","N","N","N","T","N","N","T","T"
"S10_139322093","C","10","139322093","View","IGR","C","C","C","C","C","C","C","C","C","N","C","C","C","C","C","C","C","C","C","N","C","C","C","C","C","C","N","C","N","N","N","N","N","N","N","N","C","C","C","N","N","N","C","N","N","C","C"
"S10_139322094","T","10","139322094","View","IGR","T","T","T","T","T","T","T","T","T","N","T","T","T","T","T","T","T","T","T","N","T","T","T","T","T","T","N","T","N","N","N","N","N","N","N","N","T","T","T","N","N","N","T","N","N","T","T"
"S10_139322095","T","10","139322095","View","IGR","T","T","T","T","T","T","T","T","T","N","T","T","T","T","T","T","T","T","T","N","T","T","T","T","T","T","N","T","N","N","N","N","N","N","N","N","T","T","T","N","N","N","T","N","N","T","T"
"S10_139322096","G","10","139322096","View","IGR","G","G","G","G","G","G","G","G","G","N","G","G","G","G","G","G","G","G","G","N","G","G","G","G","G","G","N","G","N","N","N","N","N","N","N","N","G","G","G","N","N","N","G","N","N","G","G"
"S10_139322105","C","10","139322105","View","IGR","C","C","C","C","C","C","C","C","C","N","C","C","C","C","C","C","C","C","C","N","C","C","C","C","C","C","N","C","N","N","N","N","N","N","N","N","C","C","C","N","N","N","C","N","N","C","C"
"S10_139322118","T","10","139322118","View","IGR","T","T","T","T","T","T","T","T","T","N","T","T","T","T","T","T","T","T","T","N","T","T","T","T","T","T","N","T","N","N","N","N","N","N","N","N","T","T","T","N","T","N","T","N","N","T","T"
"S10_139322189","A/C","10","139322189","View","IGR","A","A","A","C","A","N","C","N","A","A","A","A","N","A","A","A","A","A","A","A","A","A","C","A","A","A","A","N","A","A","A","A","A","A","A","N","A","A","A","A","A","C","A","N","N","A","N"
"S10_139322191","G/A","10","139322191","View","IGR","G","G","G","A","G","N","A","N","G","G","G","G","N","G","G","G","G","G","G","G","G","G","A","G","G","G","G","N","G","G","G","G","G","G","G","N","G","G","G","G","G","A","G","N","N","G","N"
"S10_139322194","G/C","10","139322194","View","IGR","G","G","G","G","G","G","C","N","G","G","G","G","N","G","G","G","G","G","G","G","G","G","G","G","G","G","G","N","G","G","G","G","G","G","G","N","G","G","G","G","G","G","G","N","N","G","G"
"S10_139322230","C","10","139322230","View","IGR","C","C","C","C","C","C","C","N","C","C","C","C","N","C","C","C","C","C","C","C","C","C","C","C","C","C","C","N","C","C","C","C","C","C","C","N","C","C","C","C","C","C","C","N","N","C","C"
"S10_139322294","G","10","139322294","View","IGR","G","G","N","G","G","G","G","G","G","G","G","G","G","G","G","G","G","N","G","G","G","G","G","G","G","G","G","N","G","G","G","G","G","G","G","G","G","G","G","G","N","G","G","N","N","G","G"
"S10_139322296","G","10","139322296","View","IGR","G","G","N","G","G","G","G","G","G","G","G","G","G","G","G","G","G","N","G","G","G","G","G","G","G","G","G","N","G","G","G","G","G","G","G","G","G","G","G","G","N","G","G","N","N","G","G"
"S10_139322297","G","10","139322297","View","IGR","G","G","N","G","G","G","G","G","G","G","G","G","G","G","G","G","G","N","G","G","G","G","G","G","G","G","G","N","G","G","G","G","G","G","G","G","G","G","G","G","N","G","G","N","N","G","G"
"S10_139322301","A/G","10","139322301","View","IGR","A","A","N","A","N","A","A","N","A","A","N","A","A","A","A","A","A","N","A","N","A","A","A","A","G","A","A","N","A","G","N","A","A","G","N","A","G","G","A","A","N","A","N","N","N","A","A"
"S10_139322342","T/G","10","139322342","View","IGR","G","G","T","T","T","T","T","T","G","G","T","G","T","N","G","T","N","G","T","N","G","G","G","G","K","N","G","T","T","N","N","N","G","T","N","T","N","T","N","T","T","G","T","N","T","G","N"
"S10_139322347","T/G","10","139322347","View","IGR","T","T","G","G","T","G","N","G","T","T","G","T","N","N","T","G","N","T","N","N","T","T","T","T","T","N","T","G","T","T","T","T","T","T","N","T","N","N","N","T","T","T","G","N","G","T","T"
"S10_139322357","T/G","10","139322357","View","IGR","T","T","N","T","G","N","G","N","T","T","G","T","G","T","T","N","N","T","G","T","T","T","T","T","G","N","T","N","G","G","N","T","T","G","G","G","N","G","T","G","T","T","N","N","N","T","N"
"S10_139322393","G","10","139322393","View","IGR","G","G","G","G","G","G","G","G","G","G","G","G","G","G","G","G","G","G","G","G","G","G","G","G","G","G","G","G","G","G","G","G","G","G","G","G","G","G","G","G","G","G","G","N","G","G","G"
"S10_139322395","C/G","10","139322395","View","IGR","C","C","G","G","C","G","N","G","C","C","G","C","N","N","C","G","N","C","N","N","C","C","C","C","C","N","C","G","C","C","C","C","C","C","C","C","N","N","N","C","G","C","G","N","G","C","C"
"S10_139323635","G","10","139323635","View","IGR","G","G","G","G","G","G","G","G","G","G","G","G","G","G","G","G","G","G","G","G","G","G","G","G","G","G","G","G","G","G","G","G","G","G","G","G","G","N","G","G","G","G","G","N","N","G","G"
"S10_139328224","T","10","139328224","GRMZM2G125585","intron","T","T","T","T","T","T","T","T","T","T","T","T","T","T","T","T","T","T","T","T","T","T","T","T","T","T","T","T","T","T","T","T","T","T","T","N","T","T","T","T","T","T","T","N","N","T","T"
"S10_139328238","T","10","139328238","GRMZM2G125585","intron","T","T","N","T","T","T","T","T","T","T","T","T","T","T","T","T","T","T","T","T","T","T","T","T","T","T","T","T","T","T","T","T","T","T","T","N","T","N","T","T","T","T","T","N","N","T","T"
"S10_139328331","C","10","139328331","GRMZM2G125585","exon","C","C","N","C","C","C","C","C","C","C","C","C","C","C","C","C","C","C","C","C","C","C","C","C","C","C","C","C","C","C","C","C","N","C","C","C","C","C","C","C","C","C","C","N","N","C","C"
"S10_139328332","A","10","139328332","GRMZM2G125585","exon","A","A","A","A","A","A","A","A","A","A","A","A","A","A","A","A","A","A","A","A","A","A","A","A","A","A","A","A","A","A","A","A","N","A","A","A","A","A","A","A","A","A","A","N","N","A","A"
"S10_139334230","T","10","139334230","GRMZM2G125585","intron","T","T","T","T","T","T","T","T","T","T","T","T","T","T","T","T","T","T","T","T","T","T","T","T","T","T","T","T","T","T","T","T","N","T","T","N","T","T","T","T","T","T","T","N","N","T","T"
"S10_139334232","G","10","139334232","GRMZM2G125585","intron","G","G","G","G","G","G","G","G","G","G","G","G","G","G","G","G","G","G","G","G","G","G","G","G","G","G","G","G","G","G","G","G","N","G","G","N","G","G","G","G","G","G","G","N","N","G","G"
"S10_139334240","C","10","139334240","GRMZM2G125585","intron","C","C","C","C","C","C","C","C","C","C","C","C","C","C","C","C","C","C","C","C","C","C","C","C","C","C","C","C","C","C","C","C","N","C","C","N","C","C","C","C","C","C","C","N","N","C","C"
"S10_139334260","C","10","139334260","GRMZM2G125585","intron","C","C","C","C","C","C","C","C","C","C","C","C","C","C","C","C","C","C","C","C","C","C","C","C","C","C","C","C","C","C","C","C","N","C","C","N","C","C","C","C","C","C","C","N","N","C","C"
"S10_139344981","T","10","139344981","GRMZM2G125585","intron","T","T","T","T","T","T","T","T","T","T","T","T","T","T","T","T","T","T","T","T","T","T","T","T","T","T","T","T","T","T","T","T","N","T","T","T","T","T","T","T","T","T","T","N","N","T","T"
"S10_139344990","G","10","139344990","GRMZM2G125585","intron","G","G","G","G","G","G","G","G","G","G","G","G","G","G","G","G","G","G","G","G","G","G","N","G","G","G","G","G","G","G","G","G","N","G","G","G","G","G","G","G","G","G","G","N","N","G","G"
"S10_139345127","T/A","10","139345127","GRMZM2G125585","exon","T","T","A","T","T","T","T","T","T","T","T","T","T","T","T","T","T","T","T","T","T","T","T","T","T","T","T","T","T","T","T","T","N","T","T","T","T","T","T","T","T","N","T","N","N","T","T"
"S10_139347520","G","10","139347520","GRMZM2G125585","intron","G","G","G","G","G","G","G","G","G","G","G","G","G","G","G","G","G","G","G","G","G","G","G","G","G","G","G","G","G","G","G","G","G","G","G","G","G","G","G","G","G","G","G","N","N","G","G"
"S10_139347551","G","10","139347551","GRMZM2G125585","intron","G","G","G","G","G","G","G","G","G","G","G","G","G","G","G","G","G","G","G","G","G","G","G","G","G","G","G","G","G","G","G","G","G","G","G","G","G","G","G","G","G","G","G","N","N","G","G"
"S10_139347852","T/C","10","139347852","GRMZM2G125585","intron","T","T","C","T","T","T","T","T","T","T","T","T","T","T","T","T","T","T","T","T","T","T","T","T","T","T","T","T","T","T","T","T","N","T","T","T","T","T","T","T","T","T","T","T","N","T","T"
"S10_139347865","C","10","139347865","GRMZM2G125585","intron","C","C","N","C","C","C","C","C","C","C","C","C","C","C","C","C","C","C","C","C","C","C","C","C","C","C","C","C","C","C","C","C","C","C","C","C","C","C","C","C","C","C","C","C","C","C","C"
"S10_139347868","C","10","139347868","GRMZM2G125585","intron","C","C","C","C","C","C","C","C","C","C","C","C","C","C","C","C","C","C","C","C","C","C","C","C","C","C","C","C","C","C","C","C","N","C","C","C","C","C","C","C","C","C","C","C","N","C","C"
"S10_139374150","G","10","139374150","View","IGR","G","G","G","G","G","G","G","G","G","G","G","G","G","G","G","G","G","G","G","G","G","G","G","G","G","G","G","G","G","G","G","G","G","G","G","G","G","G","G","G","G","G","G","N","N","G","G"
"S10_139374153","A","10","139374153","View","IGR","A","A","A","A","A","A","A","A","A","A","A","A","A","A","A","A","A","A","A","A","A","A","A","A","A","A","A","A","A","A","A","N","A","A","A","N","A","A","A","A","A","A","A","N","N","A","A"
"S10_139374160","C","10","139374160","View","IGR","C","C","C","C","C","C","C","C","C","C","C","C","C","C","C","C","C","C","C","C","C","C","C","C","C","C","C","N","N","C","C","C","N","C","C","C","C","C","C","C","C","C","C","N","N","C","C"
"S10_139374167","G","10","139374167","View","IGR","G","G","G","G","G","G","G","G","G","G","G","G","G","G","G","G","G","G","G","G","G","G","G","G","G","G","G","G","G","G","G","G","G","G","G","G","G","G","G","G","G","G","G","N","N","G","G"
"S10_139374175","A","10","139374175","View","IGR","A","A","A","A","A","A","A","A","A","A","A","A","A","A","A","A","A","A","A","A","A","A","A","A","A","A","A","A","A","A","A","A","A","A","A","A","A","A","A","A","A","A","A","N","N","A","A"
"S10_139380235","C/T","10","139380235","GRMZM2G072462","exon","C","C","T","C","C","C","C","C","C","C","C","C","C","C","C","C","C","C","C","C","C","C","C","C","C","C","C","C","C","C","C","C","C","C","C","C","C","C","C","C","C","C","C","C","N","C","C"
"S10_139380270","A/G","10","139380270","GRMZM2G072462","exon","A","A","G","A","A","A","A","N","A","A","A","A","A","A","A","A","A","A","A","A","A","A","A","A","A","A","A","A","A","A","A","A","A","A","A","A","A","A","A","A","A","A","A","G","N","A","A"
"S10_139380326","C","10","139380326","GRMZM2G072462","exon","C","C","C","C","C","C","C","C","C","C","C","C","C","C","C","C","C","C","C","C","C","C","C","C","C","C","C","C","C","C","C","C","N","C","C","C","C","C","C","C","C","C","C","N","C","C","C"
"S10_139380330","G/A","10","139380330","GRMZM2G072462","exon","G","G","G","G","G","G","G","G","G","G","G","G","G","G","G","G","G","G","G","G","G","G","G","G","G","G","G","G","G","G","G","G","N","G","G","G","G","G","G","G","G","G","G","N","A","G","G"
"S10_139380333","C/G","10","139380333","GRMZM2G072462","exon","C","C","G","C","C","C","C","C","C","C","C","C","C","C","C","C","C","C","C","C","C","C","C","C","C","C","C","C","C","C","C","C","N","C","C","C","C","C","C","C","C","C","C","N","C","C","C"
"S10_139380550","A","10","139380550","GRMZM2G072462","exon","A","A","A","A","A","A","A","A","A","A","A","A","A","A","A","A","A","A","A","A","A","A","A","A","A","A","A","A","A","A","A","A","A","A","A","N","A","A","A","A","A","A","A","N","N","A","A"
"S10_139380595","A","10","139380595","GRMZM2G072462","exon","A","A","A","A","A","A","A","A","A","A","A","A","A","A","A","A","A","A","A","A","A","A","A","A","A","A","A","A","A","A","A","A","A","A","A","A","A","A","A","A","A","A","A","N","N","A","A"
"S10_139380626","G","10","139380626","GRMZM2G072462","exon","G","G","G","G","G","G","G","G","G","G","G","G","G","N","G","G","G","N","G","G","G","N","G","N","G","G","G","G","G","G","G","G","G","G","G","N","G","G","G","G","G","N","G","G","N","G","G"
"S10_139380627","C","10","139380627","GRMZM2G072462","exon","C","C","C","C","C","C","C","C","C","C","C","C","C","N","C","C","C","N","C","C","C","N","C","N","C","C","C","C","C","C","C","C","C","C","C","N","C","C","C","C","C","N","C","C","N","C","C"
"S10_139380649","C","10","139380649","GRMZM2G072462","exon","C","C","C","C","C","C","C","C","C","C","C","C","C","N","C","C","C","N","C","C","C","N","C","N","C","C","C","C","C","C","C","C","C","C","C","N","C","C","C","C","C","N","C","C","N","C","C"
"S10_139380691","G","10","139380691","GRMZM2G072462","exon","G","G","N","G","G","G","G","G","G","G","G","G","G","G","G","G","G","G","G","G","G","G","G","G","G","G","G","G","G","G","G","G","N","G","G","G","G","G","G","G","G","G","G","N","N","G","G"
"S10_139380695","C","10","139380695","GRMZM2G072462","exon","C","C","C","C","C","C","C","C","C","C","C","C","C","C","C","C","C","C","C","C","C","C","C","C","C","C","C","C","C","C","C","C","N","C","C","C","C","C","C","C","C","C","C","N","N","C","C"
"S10_139380696","G","10","139380696","GRMZM2G072462","exon","G","G","G","G","G","G","G","G","G","G","G","G","G","G","G","G","G","G","G","G","G","G","G","G","G","G","G","G","G","G","G","G","N","G","G","G","G","G","G","G","G","G","G","N","N","G","G"
"S10_139380697","C","10","139380697","GRMZM2G072462","exon","C","C","C","C","C","C","C","C","C","C","C","C","C","C","C","C","C","C","C","C","C","C","C","C","C","C","C","C","C","C","C","C","N","C","C","C","C","C","C","C","C","C","C","N","N","C","C"
"S10_139502845","G/A","10","139502845","GRMZM5G875167","exon","G","A","G","G","N","G","A","N","N","G","N","G","A","N","G","N","N","N","A","G","G","N","G","N","G","N","N","N","N","N","N","N","N","N","N","A","G","N","N","G","N","N","N","N","A","G","N"
"S10_139502877","C","10","139502877","GRMZM5G875167","exon","C","C","C","C","C","C","C","C","N","C","N","C","C","N","C","N","C","N","C","C","C","N","C","N","C","C","N","N","N","N","N","N","N","N","N","C","C","N","C","C","N","N","C","N","C","C","C"
"S10_139505005","C/G","10","139505005","GRMZM2G379540","intron","C","C","C","C","C","C","C","C","C","C","C","C","C","C","C","C","C","C","C","C","C","C","C","C","C","C","C","C","C","C","C","C","N","C","C","N","C","G","C","C","C","C","C","N","N","C","C"
"S10_139505007","C","10","139505007","GRMZM2G379540","intron","C","C","C","C","C","C","C","C","C","C","C","C","C","C","C","C","C","C","C","C","C","C","C","C","C","C","C","C","C","C","C","C","N","C","C","N","C","C","C","C","C","C","C","N","N","C","C"
"S10_139505030","C/T","10","139505030","GRMZM2G379540","intron","C","C","C","C","C","C","C","C","C","C","C","C","C","C","C","C","C","C","C","C","C","C","C","C","C","C","C","C","C","C","C","T","N","C","C","N","C","C","C","C","C","C","C","N","N","C","C"
"S10_139505036","C","10","139505036","GRMZM2G379540","intron","C","C","C","C","C","C","C","C","C","C","C","C","C","C","C","C","C","C","C","C","C","C","C","C","C","C","C","C","C","C","C","C","N","C","C","N","C","C","C","C","C","C","C","N","N","C","C"
"S10_139505040","G","10","139505040","GRMZM2G379540","intron","G","G","G","G","G","G","G","G","G","G","G","G","G","G","G","G","G","G","G","G","G","G","G","G","G","G","G","G","G","G","G","G","N","G","G","N","G","G","G","G","G","G","G","N","N","G","G"
"S10_139505116","G","10","139505116","GRMZM2G379540","exon","G","G","G","G","G","G","G","G","G","G","G","G","G","G","G","G","G","G","G","G","G","G","G","G","G","G","G","G","G","G","G","G","G","G","G","G","G","G","G","G","G","G","G","N","G","G","G"
"S10_139505125","G","10","139505125","GRMZM2G379540","exon","G","G","G","G","G","G","G","G","G","G","G","G","G","G","G","G","G","G","G","G","G","G","G","G","G","G","G","G","G","G","G","G","G","G","G","G","G","G","G","G","G","G","G","N","G","G","G"
"S10_139505158","G/C","10","139505158","GRMZM2G379540","exon","G","G","G","G","G","G","G","G","C","N","G","G","C","G","G","G","G","G","G","G","G","G","G","G","G","G","G","G","C","G","G","G","N","G","G","G","G","G","G","C","G","G","C","G","N","G","G"
"S10_139505264","C","10","139505264","GRMZM2G379540","intron","C","C","C","C","C","C","C","C","C","C","C","C","C","C","C","C","C","C","C","C","C","C","C","C","C","C","C","C","N","C","C","C","N","C","C","C","C","C","C","N","C","C","C","N","N","C","C"
"S10_139505618","C/T","10","139505618","GRMZM2G379540","exon","C","C","T","C","C","C","C","C","T","T","C","C","T","C","C","C","C","C","C","C","C","C","C","C","C","C","C","C","T","C","N","C","C","C","C","C","C","C","C","T","C","C","C","C","N","C","C"
"S10_139505656","C","10","139505656","GRMZM2G379540","exon","C","C","C","C","C","C","C","C","C","C","C","C","C","C","C","C","C","C","C","C","C","C","C","C","C","C","C","C","C","C","C","C","C","C","C","C","C","C","C","C","C","C","C","C","N","C","C"
"S10_139505671","C/T","10","139505671","GRMZM2G379540","exon","C","C","C","C","C","C","C","C","T","N","C","C","T","C","C","C","C","C","C","C","C","C","C","C","C","C","C","C","T","C","C","C","C","C","C","C","C","C","C","T","C","C","C","C","C","C","C"
"S10_139508665","C","10","139508665","GRMZM2G076841","intron","C","C","C","C","C","C","C","C","C","C","C","C","C","C","C","C","C","C","C","C","C","C","C","C","C","C","C","C","C","C","C","C","N","C","C","C","C","C","C","C","C","C","C","C","C","C","C"
"S10_139508680","G","10","139508680","GRMZM2G076841","intron","G","G","G","G","G","G","G","G","G","G","G","G","G","G","G","G","G","G","G","G","G","G","G","G","G","G","G","G","G","G","G","G","N","G","G","G","G","G","G","G","G","G","G","G","G","G","G"
"S10_139508683","A/T","10","139508683","GRMZM2G076841","intron","A","A","N","A","A","A","A","A","T","T","A","A","A","A","A","A","A","A","A","A","A","A","A","A","A","A","A","A","T","A","N","A","N","A","A","A","A","A","A","T","A","A","A","A","A","A","A"
"S10_139508701","T","10","139508701","GRMZM2G076841","intron","T","T","N","T","T","T","T","T","T","T","T","T","T","T","T","T","T","T","T","T","T","T","T","T","T","T","T","T","T","T","T","T","N","T","T","T","T","T","T","T","T","T","T","T","T","T","T"
"S10_139508714","T","10","139508714","GRMZM2G076841","intron","T","T","T","T","T","T","T","T","T","T","T","T","T","T","T","T","T","T","T","T","T","T","T","T","T","T","T","T","T","T","T","T","N","T","T","T","T","T","T","T","T","T","T","T","T","T","T"
"S10_139508755","A","10","139508755","GRMZM2G076841","intron","A","A","A","A","A","A","A","A","A","N","A","A","A","A","A","A","A","A","A","A","A","A","A","A","A","A","A","A","N","A","A","A","N","A","A","A","A","A","A","N","A","A","A","N","N","A","A"
"S10_139511676","C/G","10","139511676","GRMZM2G076841","intron","C","C","C","C","C","C","C","C","C","C","C","C","C","C","G","G","C","C","C","C","C","C","C","C","C","C","C","C","N","C","C","C","C","C","C","C","C","C","C","N","C","N","C","C","N","C","C"
"S10_139511713","A","10","139511713","GRMZM2G076841","intron","A","A","A","A","A","A","A","A","A","A","A","A","A","A","A","A","A","A","A","A","A","A","A","A","A","A","A","A","N","A","A","A","A","A","A","A","A","A","A","A","A","N","A","A","N","A","A"
"S10_139511982","T/C","10","139511982","GRMZM2G076841","exon","T","T","C","T","T","T","T","T","C","T","T","T","T","T","T","T","T","T","T","T","T","T","T","T","T","T","T","T","C","T","T","T","T","T","T","T","T","T","T","C","T","T","T","N","N","T","T"
"S10_139511988","G","10","139511988","GRMZM2G076841","exon","G","G","G","G","G","G","G","G","G","G","G","G","G","G","G","G","G","G","G","G","G","G","G","G","G","G","G","G","G","G","G","G","G","G","G","G","G","G","G","G","G","G","G","N","N","G","G"
"S10_139511989","T","10","139511989","GRMZM2G076841","exon","T","T","T","T","T","T","T","T","T","T","T","T","T","T","T","T","T","T","T","T","T","T","T","T","T","T","T","T","T","T","T","T","T","T","T","T","T","T","T","T","T","T","T","N","N","T","T"
"S10_139511993","G","10","139511993","GRMZM2G076841","exon","G","G","G","G","G","G","G","G","G","G","G","G","G","G","G","G","G","G","G","G","G","G","G","G","G","G","G","G","G","G","G","G","G","G","G","G","G","G","G","G","G","G","G","N","N","G","G"
"S10_139511997","C","10","139511997","GRMZM2G076841","exon","C","C","C","C","C","C","C","C","C","C","C","C","C","C","C","C","C","C","C","C","C","C","C","C","C","C","C","C","C","C","C","C","C","C","C","C","C","C","C","C","C","C","C","N","N","C","C"
"S10_139512029","A","10","139512029","GRMZM2G076841","exon","A","A","A","A","A","A","A","A","A","A","A","A","A","A","A","A","A","A","A","A","A","A","A","A","A","A","A","A","A","A","A","A","A","A","A","A","A","A","A","A","A","A","A","N","N","A","A"
"S10_139512032","T","10","139512032","GRMZM2G076841","exon","T","T","T","T","T","T","T","T","T","T","T","T","T","T","T","T","T","T","T","T","T","T","T","T","T","T","T","T","T","T","T","T","N","T","T","T","T","T","T","T","T","T","T","N","N","T","T"